product_id,supplier,RAW description (source),RAW booking notes (source),About,Highlights,What's Included,What's NOT Included,Itinerary,FAQs,What to Bring,Duration,Requirements,Cancellation Policy,Check-in,Min Age,Max Age,Group Size,Meeting Point,Other (description),Booking: What to Bring,Booking: What NOT to Bring,Booking: Inclusions,Booking: Location,Booking: Check-in,Booking: Departure Info,Booking: Itinerary,Booking: Important Info,Booking: Cancellation,Booking: FAQs,Booking: Before Arrival,Booking: Contact,Other (booking)
598043,,"duration: 2 to 8 hours!
meeting_point: Jerusalem Creek Marina & Holiday Park
description: 2 to 8 hours!
what_is_included:",,,,,,,,,2 to 8 hours!,,,,,,,Jerusalem Creek Marina & Holiday Park,,,,,,,,,,,,,,
598435,,"##Duration 
1 Hour

##About 
Private 1 hour lesson with your own surf coach especially designed for mini surfers! Build water confidence and catch some little person waves!

##More info 
Includes wetsuit & surfboard hire",,Private 1 hour lesson with your own surf coach especially designed for mini surfers! Build water confidence and catch some little person waves!,,wetsuit & surfboard hire,,,,,1 Hour,,,,,,,,,,,,,,,,,,,,,
420329,,"##Duration
8 Night All-Inclusive Small Group Tour departing Cairns

##About
Travel by luxury 4WD to the very tip of the Australian Mainland on this fully accommodated 9-day drive/fly adventure. Visit iconic Australian Pubs, drive along the legendary Bloomfield Track and the Telegraph track on this once-in-a-lifetime Australian Adventure.",,"Travel by luxury 4WD to the very tip of the Australian Mainland on this fully accommodated 9-day drive/fly adventure. Visit iconic Australian Pubs, drive along the legendary Bloomfield Track and the Telegraph track on this once-in-a-lifetime Australian Adventure.",,,,,,,8 Night All-Inclusive Small Group Tour departing Cairns,,,,,,,,,,,,,,,,,,,,,
554761,,"##Duration
- 4 Hours to 1 Week
- Open 8:30am - 5:30pm

##About
Here at Boss Outdoor Rentals we have all the equipment you need for your next adventure - all available for hire! We have Boats, Bikes, Kayaks, Surfboards, Stand-Up Paddle Boards, Snorkelling, Fishing, Camping & Hiking Equipment + heaps more!",,"Open 8:30am - 5:30pm

Here at Boss Outdoor Rentals we have all the equipment you need for your next adventure - all available for hire! We have Boats, Bikes, Kayaks, Surfboards, Stand-Up Paddle Boards, Snorkelling, Fishing, Camping & Hiking Equipment + heaps more!",,,,,,,4 Hours to 1 Week,,,,,,,,,,,,,,,,,,,,,
470304,,"##About
Epoxy Fish Rentals

##Includes
- Free soft roof racks if required.
- Free wetsuit if required.
- Free local delivery to your accommodation or the beach

##Duration
1-15 Days","#Thanks for booking online!

###Please contact Manly Surf Guide to arrange a time for pick-up or delivery
Email: **manlysurfguide@gmail.com** | PH: **0412 417 431**","Epoxy Fish Rentals
Free soft roof racks if required.
Free wetsuit if required.",,Free local delivery to your accommodation or the beach,,,,,1-15 Days,,,,,,,,,,,,,,,,,,,,"Please contact Manly Surf Guide to arrange a time for pick-up or delivery
Email: manlysurfguide@gmail.com | PH: 0412 417 431",
686496,,"duration: 7 Hours
meeting_point: 36 Marshall st , Hyden WA 
group_size: 4
description: Full-day guided experience visiting The Greater Western Woodlands ,Lake Cronin, granite outcrops, the Holland Track and surrounding farms. Guests experience local wildlife, bushfoods, and yabby catching before finishing at Katter Kich Gallery.
highlights: Private exclusive experience !
what_to_bring: It is recommended to wear covered shoes and a hat.",,"Full-day guided experience visiting The Greater Western Woodlands ,Lake Cronin, granite outcrops, the Holland Track and surrounding farms. Guests experience local wildlife, bushfoods, and yabby catching before finishing at Katter Kich Gallery.",Private exclusive experience !,,,,,It is recommended to wear covered shoes and a hat.,7 Hours,,,,,,4,"36 Marshall st , Hyden WA",,,,,,,,,,,,,,
302587,,"description: For over 60,000 years First Nations mobs have had things which go bump in the night. 

Come and immerse yourself with the ancient spirits and creatures of the Dreamtime. 

Share stories and ghostly experiences around the campfire at Barangaroo Reserve.","The meeting place is Munn St, Reserve. Please arrive on time as tour will start promptly at 8pm. Please arrive 10 MINUTES before your start time.","For over 60,000 years First Nations mobs have had things which go bump in the night.

Come and immerse yourself with the ancient spirits and creatures of the Dreamtime.

Share stories and ghostly experiences around the campfire at Barangaroo Reserve.",,,,,,,,,,,,,,,,,,,"The meeting place is Munn St, Reserve.",,"Please arrive on time as tour will start promptly at 8pm.
Please arrive 10 MINUTES before your start time.",,,,,,,
450394,,"A shorter hire experience (3hrs) where you will have the opportunity to explore the township of Kangaroo Valley at your own pace by following local paved bike paths at your leisure. This is an ideal option for a family, couple or group that are looking to fill a morning or afternoon. 
Why not combine it with our Bridge to Bendeela Kayaking experience for even more value?","##What to Bring
- Sunglasses
- Water
- Backpack (If needed)","A shorter hire experience (3hrs) where you will have the opportunity to explore the township of Kangaroo Valley at your own pace by following local paved bike paths at your leisure. This is an ideal option for a family, couple or group that are looking to fill a morning or afternoon.",,,,,,,3hrs,,,,,,,,Why not combine it with our Bridge to Bendeela Kayaking experience for even more value?,"- Sunglasses
- Water
- Backpack (If needed)",,,,,,,,,,,,
734601,,"duration: 1.5hrs
min_age: 8
max_age: 100
accessibility: Our front door is wheelchair friendly but unfortunately our bathroom is too small to accommodate
description: Kids will learn how to roll out a slab with clay, then use tools to carefully trace from our shell templates. Then we will sit into a plastic plate to create the perfect shape!

Kids will then have time to decorate their shell with tools to create texture and paints for colour.",We look forward to seeing you in SHELLHARBOUR!,"Kids will learn how to roll out a slab with clay, then use tools to carefully trace from our shell templates. Then we will sit into a plastic plate to create the perfect shape!

Kids will then have time to decorate their shell with tools to create texture and paints for colour.",,,,,,,1.5hrs,Our front door is wheelchair friendly but unfortunately our bathroom is too small to accommodate,,,8,100,,,,,,,,,,,,,,,,
661870,,"duration: 2.5 hours 
meeting_point: Tyabb Airport 
description: Depart Tyabb and track across Phillip Island, taking in views of rugged cliffs, sweeping beaches, and turquoise waters before following the stunning coastline toward Wilsons Promontory, Victoria’s southernmost point. Touch down at the award-winning Gurneys Cidery, perched high above the coast, for a relaxed lunch and tasting with breathtaking ocean views.

 After sampling world-class cider and local produce, reboard your helicopter for a spectacular return flight to Tyabb, tracing the coast all the way home. This is coastal flying at its finest — wild, beautiful, and utterly unforgettable.
what_is_included:",,"Depart Tyabb and track across Phillip Island, taking in views of rugged cliffs, sweeping beaches, and turquoise waters before following the stunning coastline toward Wilsons Promontory, Victoria’s southernmost point. Touch down at the award-winning Gurneys Cidery, perched high above the coast, for a relaxed lunch and tasting with breathtaking ocean views.

After sampling world-class cider and local produce, reboard your helicopter for a spectacular return flight to Tyabb, tracing the coast all the way home. This is coastal flying at its finest — wild, beautiful, and utterly unforgettable.",,,,,,,2.5 hours,,,,,,,Tyabb Airport,,,,,,,,,,,,,,
236265,,"meeting_point: Adventure Out
description: # Life’s a journey – know your environment and skills before developing your competencies and realising the positive benefits.

## Duration
1.5 hours

## About 
For Corporate 

Adventure Out has been working with business teams for over 30years, delivering practical outdoor programs, to develop and enhance critical skills. We understand the constraints and issues and can work with you to achieve target outcomes.

## What to Bring
Please bring a photo ID.","##More Information

**Please arrive 15 minutes early!**

if you have any questions please email operations@adventureout.com.au - 
or call 08 9472 3919","# Life’s a journey – know your environment and skills before developing your competencies and realising the positive benefits.

For Corporate 

Adventure Out has been working with business teams for over 30years, delivering practical outdoor programs, to develop and enhance critical skills. We understand the constraints and issues and can work with you to achieve target outcomes.",,,,,,Please bring a photo ID.,1.5 hours,,,,,,,Adventure Out,,,,,,,Please arrive 15 minutes early!,,,,,,if you have any questions please email operations@adventureout.com.au - or call 08 9472 3919,
684942,,"cancellation_summary: Free cancellation up to 24 hours
meeting_point: Unit 3, 110 Marine Parade, Kingscliff NSW 2487
accessibility: Children under 12 must be accompanied by an adult.
description: Perfect for relaxed coastal cruising, the DC Trike offers unmatched comfort and stability for riders of all levels. With a supportive seat, easy handling, and a smooth ride, it’s a great way to explore Kingscliff’s beachfront, parks, and scenic cycleways at your own pace.
what_is_included: Helmets and Locks Included 
what_to_bring: Water, sun protection, closed-toe shoes.
special_requirements: Children under 12 must be accompanied by an adult.
disclaimers: Riders must return bikes by 5 pm.

 Rides are subject to weather conditions.",,"Perfect for relaxed coastal cruising, the DC Trike offers unmatched comfort and stability for riders of all levels. With a supportive seat, easy handling, and a smooth ride, it’s a great way to explore Kingscliff’s beachfront, parks, and scenic cycleways at your own pace.",,Helmets and Locks Included,,,,"Water, sun protection, closed-toe shoes.",,Children under 12 must be accompanied by an adult.,Free cancellation up to 24 hours,,,,,"Unit 3, 110 Marine Parade, Kingscliff NSW 2487","Riders must return bikes by 5 pm.

Rides are subject to weather conditions.",,,,,,,,,,,,,
663995,,"duration: 1.5 Hours - Check in available between 7am to 6:30pm 
meeting_point: 78 Race Creek Rd, Wombat NSW 2587
description: **Check in available between 7am to 6:30pm**

While you are here why not relax in our 2 acres of privately owned gardens? You can have a family day out, enjoy the country air and relax under the shady trees while having a BYO picnic in a garden setting.

Cool drinks and good amenities are available. 
what_is_included: - Instant Confirmation 
highlights: Relax under the shady trees and unwind in our peaceful, private gardens surrounded by fresh country air.
extras: All our orchards are mown grass and are extremely well kept.",,"While you are here why not relax in our 2 acres of privately owned gardens? You can have a family day out, enjoy the country air and relax under the shady trees while having a BYO picnic in a garden setting.

Cool drinks and good amenities are available.","Relax under the shady trees and unwind in our peaceful, private gardens surrounded by fresh country air.",- Instant Confirmation,All our orchards are mown grass and are extremely well kept.,,,,1.5 Hours,,,Check in available between 7am to 6:30pm,,,,"78 Race Creek Rd, Wombat NSW 2587",,,,,,,,,,,,,,
511913,,"#Discover Barham's Charms: Explore the Town at Your Pace with Bike Rentals! 

##Duration
Hourly rentals(1-7 hours)
Multiday rentals (1-7 days)

##About
Exploring what we have around Barham/Koondrook has just become much easier. Renting a bicycle opens the doors to discovering our charming location at your own pace. From historic sites to local cafes, a bike rental in Barham promises an immersive and delightful way to uncover the town's essence, offering an unforgettable experience where every pedal stroke tells a story of exploration and discovery.

##More info
- Please bring suitable clothing.
- Must know how to ride a bike

##Late fee
- All Bikes, E-Bikes, Scooters - $20 per 1/2 hour.",,"Exploring what we have around Barham/Koondrook has just become much easier. Renting a bicycle opens the doors to discovering our charming location at your own pace. From historic sites to local cafes, a bike rental in Barham promises an immersive and delightful way to uncover the town's essence, offering an unforgettable experience where every pedal stroke tells a story of exploration and discovery.",,,,,,Please bring suitable clothing.,"Hourly rentals(1-7 hours)
Multiday rentals (1-7 days)",Must know how to ride a bike,,,,,,,"All Bikes, E-Bikes, Scooters - $20 per 1/2 hour.",,,,,,,,,,,,,
511919,,"#Discover Barham's Charms: Explore the Town at Your Pace with Bike Rentals! 

##Duration
Hourly rentals(1-7 hours)
Multiday rentals (1-7 days)

##About
Exploring what we have around Barham/Koondrook has just become much easier. Renting a bicycle opens the doors to discovering our charming location at your own pace. From historic sites to local cafes, a bike rental in Barham promises an immersive and delightful way to uncover the town's essence, offering an unforgettable experience where every pedal stroke tells a story of exploration and discovery.

##More info
- Please bring suitable clothing.
- Must know how to ride a bike

##Late fee
- All Bikes, E-Bikes, Scooters - $20 per 1/2 hour.",,"Exploring what we have around Barham/Koondrook has just become much easier. Renting a bicycle opens the doors to discovering our charming location at your own pace. From historic sites to local cafes, a bike rental in Barham promises an immersive and delightful way to uncover the town's essence, offering an unforgettable experience where every pedal stroke tells a story of exploration and discovery.",,,,,,Please bring suitable clothing.,"Hourly rentals(1-7 hours)
Multiday rentals (1-7 days)",Must know how to ride a bike,,,,,,,"All Bikes, E-Bikes, Scooters - $20 per 1/2 hour.",,,,,,,,,,,,,
361419,,"We are all made of energy, yin and yang. Everyone needs to balance their energy and flow in life. Souls Unite is there for you and will get that mojo channeled to the right pathways for you. 

Surfing lessons, yoga and workshops are set to open, expand and bring some release and joy to your life. 

Led by Loren and Corey, and assisted by talented local teachers, you'll be glad you signed up. Your heart will sing a tune and fuel you with positive energy. 

Surfing equipment and catering is included. Yoga equipment spares too!

$140 7.30am-1.30pm

Loren and Corey have been running Surf and Yoga retreats since 2006!",#Please arrive 15 mins early,"We are all made of energy, yin and yang. Everyone needs to balance their energy and flow in life. Souls Unite is there for you and will get that mojo channeled to the right pathways for you.

Surfing lessons, yoga and workshops are set to open, expand and bring some release and joy to your life.

Surfing equipment and catering is included. Yoga equipment spares too!","Led by Loren and Corey, and assisted by talented local teachers, you'll be glad you signed up. Your heart will sing a tune and fuel you with positive energy. 

Loren and Corey have been running Surf and Yoga retreats since 2006!",,,,,,,,,,,,,,$140 7.30am-1.30pm,,,,,,Please arrive 15 mins early,,,,,,,
313409,,"#Lets dream on two wheels!
##Duration 
1, 4, 24 hours 
##About 
New for 2021 in Wonboyn is MTB hire, something we’re excited to kick off. The beach track here is a great ride, you can do it in either a 10 or 20km round trip. It heads through the beautiful dense, recovering Nadgee Nature Reserve before landing at Greenglades beach. The bikes are hardtail with front fork suspension.","We can’t wait to get you out on the water and experience the beauty of Wonboyn Lake.

When coming to Wonboyn from Eden, turn off the highway on the Wonboyn Rd, 20km from Eden.

When you arrive to Wonboyn please make your way to the Caravan Park office unless other arrangements have been made.","New for 2021 in Wonboyn is MTB hire, something we’re excited to kick off. The beach track here is a great ride, you can do it in either a 10 or 20km round trip. It heads through the beautiful dense, recovering Nadgee Nature Reserve before landing at Greenglades beach. The bikes are hardtail with front fork suspension.",,,,,,,"1, 4, 24 hours",,,,,,,,,,,,"When coming to Wonboyn from Eden, turn off the highway on the Wonboyn Rd, 20km from Eden.",When you arrive to Wonboyn please make your way to the Caravan Park office unless other arrangements have been made.,,,,,,,,
375569,,"description: #Learn how to DJ at a professional standard over one weekend. 
##Duration 
2 Sessions 6 Hours each
10.30am - 4.30pm both days 
##Course Details 
• Learn how to DJ
• Maximum 4 people per group
• You'll be jamming a playlist in 1 day
• Perfect for people that want results fast
• Great way to meet like minded people and make friendships
• See instant results and build confidence

##More info 
This is perfect for people that want results fast and is also a great way to meet likeminded people and make friendships.","##Please arrive 10 minutes prior to your start time.
##Please note that the 2 Days workshop will be conducted for 6Hours on each day, Saturday and Sunday","Learn how to DJ at a professional standard over one weekend.
Learn how to DJ
You'll be jamming a playlist in 1 day
Perfect for people that want results fast
Great way to meet like minded people and make friendships
See instant results and build confidence
This is perfect for people that want results fast and is also a great way to meet likeminded people and make friendships.",,,,,,,"2 Sessions 6 Hours each
10.30am - 4.30pm both days",,,,,,Maximum 4 people per group,,,,,,,,Please arrive 10 minutes prior to your start time.,"Please note that the 2 Days workshop will be conducted for 6Hours on each day, Saturday and Sunday",,,,,,
659457,,"duration: 5 Hours
meeting_point: 205 Blairs Rd, Sharon QLD 4670
description: Bring a camp chair and a blanket. This year will feature a licensed bar & live music by Abby Skye and The Batman as well as the following entertainment: 

Popcorn, candy, marshmallows, additional food & soft drinks are available for purchase on the night.
what_is_included: - Visit the Splitters Farm Petting Zoo or have your fortune read / Trick or Treating & market stalls & rides open 
- Food & licensed drinks available from The Grazing Station & vendors
- 5:30pm - Pumpkin Toss/games & attractions
- 6pm - LIVE music Abby Skye & The Batman
- 7pm - Red Carpet Best Dressed 
- 7:45pm-10pm LIVE music Abby Skye & The Batman",,"This year will feature a licensed bar & live music by Abby Skye and The Batman as well as the following entertainment:

Food & licensed drinks available from The Grazing Station & vendors",,Visit the Splitters Farm Petting Zoo or have your fortune read / Trick or Treating & market stalls & rides open,"Popcorn, candy, marshmallows, additional food & soft drinks are available for purchase on the night.","5:30pm - Pumpkin Toss/games & attractions
6pm - LIVE music Abby Skye & The Batman
7pm - Red Carpet Best Dressed
7:45pm-10pm LIVE music Abby Skye & The Batman",,Bring a camp chair and a blanket.,5 Hours,,,,,,,"205 Blairs Rd, Sharon QLD 4670",,,,,,,,,,,,,,
695371,,"duration: 1.5 Hours
meeting_point: Flat Rock, Currumbin, 4223, Currumbin Gold Coast, Queensland – Australia
min_age: 5
max_age: 12
group_size: Maximum 5 people
description: Group lessons are a fun, supportive and affordable way to learn to surf, with our friendly instructors helping you build confidence and start standing up sooner. Lessons generally run as kids or adult groups, with some flexibility depending on conditions, and for younger kids aged 5–7 who aren’t confident swimmers we recommend a parent joining them in the water to keep the experience safe and reassuring.
check_in_details: Please arrive 20 minutes before activity start time.
special_requirements: Children under 13 must be accompanied by a parent or guardian.
disclaimers: For safety reasons, participation is not permitted for anyone under the influence of drugs or alcohol.",,"Group lessons are a fun, supportive and affordable way to learn to surf, with our friendly instructors helping you build confidence and start standing up sooner. Lessons generally run as kids or adult groups, with some flexibility depending on conditions, and for younger kids aged 5–7 who aren’t confident swimmers we recommend a parent joining them in the water to keep the experience safe and reassuring.",,,,,,,1.5 Hours,Children under 13 must be accompanied by a parent or guardian.,,Please arrive 20 minutes before activity start time.,5,12,Maximum 5 people,"Flat Rock, Currumbin, 4223, Currumbin Gold Coast, Queensland – Australia","For safety reasons, participation is not permitted for anyone under the influence of drugs or alcohol.",,,,,,,,,,,,,
364822,,"description: #Spend a whole day exploring the best of the Hunter Valley. We will pick you up from your accommodation ready to start your day wine tasting at 10am. 

##Duration: 
7 Hours

##About
Visit boutique wineries, distilleries and breweries. Choose one of our pre-arranged itineraries or have us book and organise your personalised and custom tour. 

##What's included:

- Private Luxury Charter
- Door to door pick up service
- Local and knowledgeable chauffeur
- Flexible itinerary to meet your needs
- Plenty of photo and instagram moments
- Wine tasting fees are payable on the day and not included in the price of this tour. Allow $5-$10pp per winery, often refundable upon purchase.

- Free hotel pickups are included within 20km of Central Pokolbin (Hunter Valley Gardens).",,"#Spend a whole day exploring the best of the Hunter Valley. We will pick you up from your accommodation ready to start your day wine tasting at 10am.

Visit boutique wineries, distilleries and breweries. Choose one of our pre-arranged itineraries or have us book and organise your personalised and custom tour.",,"- Private Luxury Charter
- Door to door pick up service
- Local and knowledgeable chauffeur
- Flexible itinerary to meet your needs
- Plenty of photo and instagram moments
- Free hotel pickups are included within 20km of Central Pokolbin (Hunter Valley Gardens).","Wine tasting fees are payable on the day and not included in the price of this tour. Allow $5-$10pp per winery, often refundable upon purchase.",,,,7 Hours,,,,,,,,,,,,,,,,,,,,,
493762,,"#Townsville's Best Boat Hire. 4 Person Capacity.

##Duration
Full Day or Multi Day 

##About
- 4.55m Polycraft side console with a 60hp 2-Stroke Yamaha outboard
- Canopy and all safety gear
- Includes depth sounder, GPS and marine radio
- Registration is for Partially Smooth Waters
- 4-person capacity

##More info
If you book Launch and Retrieve. It is an extra $100. We retrieve the boat at 4.30pm, unless otherwise advised.
Your Locations options for Launch and Retrieve are: 
- Ross Creek Boat Ramp – Sir Leslie Thiess Drive, Townsville City 
 - South Townsville Boat Park – Fifth Avenue, South Townsville 
 - Stoney Creek Boat Ramp (Bohle River) – Marina Drive, Bushland Beach

##Other Requirements 
- Boat License Is Required, Skipper must be over 21 years and a $300 security deposit will be held upon releasing the boat.",,"#Townsville's Best Boat Hire. 4 Person Capacity.

- 4.55m Polycraft side console with a 60hp 2-Stroke Yamaha outboard
- Canopy and all safety gear
- Includes depth sounder, GPS and marine radio
- Registration is for Partially Smooth Waters
- 4-person capacity

We retrieve the boat at 4.30pm, unless otherwise advised.
Your Locations options for Launch and Retrieve are:
- Ross Creek Boat Ramp – Sir Leslie Thiess Drive, Townsville City
- South Townsville Boat Park – Fifth Avenue, South Townsville
- Stoney Creek Boat Ramp (Bohle River) – Marina Drive, Bushland Beach",,,It is an extra $100.,,,,Full Day or Multi Day,"- Boat License Is Required, Skipper must be over 21 years and a $300 security deposit will be held upon releasing the boat.",,,,,,,If you book Launch and Retrieve.,,,,,,,,,,,,,
719421,,"duration: Full day
meeting_point: Scarborough Pontoon
description: This high-performance jetski blends adventure and utility, designed for both fishing and extended exploration. Featuring a Garmin GPS and sounder, a 70L fuel tank for longer range, and a powerful 170-horsepower engine, the craft offers stability with an ultra-stable hull and practical features like an extended rear deck, superior storage and a swim ladder. Built-in Bluetooth speakers and a 12"" digital display add comfort and modern convenience for a full-day outing on the water.
highlights: * Garmin GPS and sounder for navigation and fishing
* 70L fuel tank for extended range
* 170 horsepower for high-performance riding
* Ultra-stable hull and superior storage for comfort and utility
* Extended rear deck and swim ladder for easy water access
extras: Additional equipment available for selection.","🙋🏻‍♂️ FIRST TIME BOOKING HERE?

View our facility walkthrough video:
(Insert New Link)","This high-performance jetski blends adventure and utility, designed for both fishing and extended exploration. Featuring a Garmin GPS and sounder, a 70L fuel tank for longer range, and a powerful 170-horsepower engine, the craft offers stability with an ultra-stable hull and practical features like an extended rear deck, superior storage and a swim ladder. Built-in Bluetooth speakers and a 12"" digital display add comfort and modern convenience for a full-day outing on the water.","* Garmin GPS and sounder for navigation and fishing
* 70L fuel tank for extended range
* 170 horsepower for high-performance riding
* Ultra-stable hull and superior storage for comfort and utility
* Extended rear deck and swim ladder for easy water access",,Additional equipment available for selection.,,,,Full day,,,,,,,Scarborough Pontoon,,,,,,,,,,,,View our facility walkthrough video:,(Insert New Link),🙋🏻‍♂️ FIRST TIME BOOKING HERE?
506018,,"#Get crafty at this hands on macrame workshop. 

##Duration 
3 Hours (approx.) 

##Rate
$75 per person

##About 
The popular seventies textile art has been making a comeback, and at this three hour hands-on workshop you'll be making your own boho-cool wall hanging to take home.

Learn what you need to get started, and the basic knots to master, from a larkshead and reverse larkshead to attach to your frame, to the half and square knots that will make up the majority of your hanging. Once you master those, don't be surprised at how quickly your work of art will take shape. With everything crafty provided, all you need to bring is some nibbles and something to drink.

##Inclusive
- All art materials and equipment included
- Take home what you knot
- Private Events require a minimum 8 people.",## Please arrive 15 minutes prior,"Get crafty at this hands on macrame workshop.

The popular seventies textile art has been making a comeback, and at this three hour hands-on workshop you'll be making your own boho-cool wall hanging to take home.

Learn what you need to get started, and the basic knots to master, from a larkshead and reverse larkshead to attach to your frame, to the half and square knots that will make up the majority of your hanging. Once you master those, don't be surprised at how quickly your work of art will take shape.",,"All art materials and equipment included
Take home what you knot",,,,"With everything crafty provided, all you need to bring is some nibbles and something to drink.",3 Hours (approx.),Private Events require a minimum 8 people.,,,,,,,$75 per person,,,,,,Please arrive 15 minutes prior,,,,,,,
189900,,"duration: 1 hour
max_age: 15
description: Let the kids enjoy a full hour of supervised fun on the water while you relax on the shore. Children laugh, exercise and swap between pedalboats, single and double kayaks and stand-up paddleboards as often as they like. The session is lively and memorable — a unique outdoor activity that creates lasting memories.
highlights: * Unlimited swapping between pedalboats, kayaks and SUPs
* Supervised, outdoor play 
* One-hour session focused entirely on fun
special_requirements: SUPs are not suitable for children under 11. If the majority of children are under 9 years old, other hire options may be more suitable — call to discuss.
restrictions: Activity for ages 15 and under.","**Don't forget to bring your camera and sunscreen!** 
**Please arrive 15 minutes early!**
_________
###What to wear:

- Comfortable clothing
- Swimsuit
- Comfortable shoes
_______

Review the terms and conditions [here](https://cdn.filestackcontent.com/wlxMjYqRRKWmChKym6IP).","Let the kids enjoy a full hour of supervised fun on the water while you relax on the shore. Children laugh, exercise and swap between pedalboats, single and double kayaks and stand-up paddleboards as often as they like. The session is lively and memorable — a unique outdoor activity that creates lasting memories.","* Unlimited swapping between pedalboats, kayaks and SUPs
* Supervised, outdoor play 
* One-hour session focused entirely on fun",,,,,,1 hour,"SUPs are not suitable for children under 11. If the majority of children are under 9 years old, other hire options may be more suitable — call to discuss.
Activity for ages 15 and under.",,,,15,,,,"Don't forget to bring your camera and sunscreen!

Comfortable clothing
Swimsuit
Comfortable shoes",,,,,Please arrive 15 minutes early!,,,,,,Review the terms and conditions [here](https://cdn.filestackcontent.com/wlxMjYqRRKWmChKym6IP).,
646563,,"duration: 8 Hours
meeting_point: Your hotel or pick up location
group_size: 6
description: Are you looking for a fun and tasty way to explore the local craft drinks scene? Join us on a Wine, beer and gin tour and discover the wineries, breweries and distilleries in the Barossa.

You'll get to sample a variety of wine, beers and gins, learn about the history and techniques of the makers, and enjoy a delicious Pizza for lunch.

Whether you're a wine lover, beer lover, a gin enthusiast, or just curious about the art of brewing and distilling, you'll find something to suit your palate and your mood. Book your wine, beer and gin tour today and get ready for an unforgettable experience!

Pickup times will be from 8:45am - 9:45am depending on location of pick up. We will let you know prior to the booking time.
what_is_included: Winery tour with our driver and guide!",,"Are you looking for a fun and tasty way to explore the local craft drinks scene? Join us on a Wine, beer and gin tour and discover the wineries, breweries and distilleries in the Barossa.

You'll get to sample a variety of wine, beers and gins, learn about the history and techniques of the makers, and enjoy a delicious Pizza for lunch.

Whether you're a wine lover, beer lover, a gin enthusiast, or just curious about the art of brewing and distilling, you'll find something to suit your palate and your mood. Book your wine, beer and gin tour today and get ready for an unforgettable experience!",,Winery tour with our driver and guide!,,,,,8 Hours,,,Pickup times will be from 8:45am - 9:45am depending on location of pick up. We will let you know prior to the booking time.,,,6,Your hotel or pick up location,,,,,,,,,,,,,,
634881,,"#Welcome to the best way to tour the Hunter Valley on Electric Bike 

##Duration
**Full day** (7 Hours) 
**Half day** (4 Hours) 

##Includes
- Bike hire
- Helmet 
- Roadside assistance
- Map","#Please see reception to pick up your bikes. 

##Have Fun! 
On your Bike! Enjoy everything the amazing Hunter Valley Wineries have to offer.

**DON'T FORGET:** 
To wear a backpack to carry any valuables or the bikes do have baskets.

**OUR TIPS:** 
We suggest that you don't carry any heavy items, wear comfortable clothes, sensible shoes, sunscreen and good pair of sunglasses.

**HOW TO OPERATE E-BIKES**
- There is a switch on the battery to turn on.
- On LCD screen on handle bars, press the ""On"" button top left hand side.
- There is a ""+"" ""-"" button to operate power levels.
- Do NOT touch ""Set"" button.
- Back breaks left hand side, front breaks right hand side.",Welcome to the best way to tour the Hunter Valley on Electric Bike,,"Bike hire
Helmet
Roadside assistance
Map",,,,,"Full day (7 Hours)
Half day (4 Hours)",,,,,,,,,"To wear a backpack to carry any valuables or the bikes do have baskets.
wear comfortable clothes, sensible shoes, sunscreen and good pair of sunglasses.","We suggest that you don't carry any heavy items,",,,Please see reception to pick up your bikes.,,,,,,,,"On your Bike! Enjoy everything the amazing Hunter Valley Wineries have to offer.
HOW TO OPERATE E-BIKES
There is a switch on the battery to turn on.
On LCD screen on handle bars, press the ""On"" button top left hand side.
There is a ""+"" ""-"" button to operate power levels.
Do NOT touch ""Set"" button.
Back breaks left hand side, front breaks right hand side."
737911,,"duration: no time limit
meeting_point: 12-16 Robart Crt, Unit 5, Narang...
description: We offer the perfect release for frustration, anger, depression, anxiety...or just fun.
Come into one of our batting cages, smash a crate of crockery, glass, bottles, or electronics, and feel
better!

$69 buys you a milk crate full of gear for smashing, we also have other electronics on site for
breaking, starting with computer towers from $20, and flat screen TV’s for $50, printers for $30 and
Guitars for $50 (smash like a rock star) or bring your own.

Now we have a mystery SMASH...where you smash through a crate of gear and get a surprise
halfway through.

OR...try our NEW colour smash...break through a bottle or colour run powder to create your own
smash experience with colour.

We have rules, you have to sign a waiver, but mostly its about release - so book in and come smash
some s#%t…",,"We offer the perfect release for frustration, anger, depression, anxiety...or just fun.
Come into one of our batting cages, smash a crate of crockery, glass, bottles, or electronics, and feel
better!

Now we have a mystery SMASH...where you smash through a crate of gear and get a surprise
halfway through.

OR...try our NEW colour smash...break through a bottle or colour run powder to create your own
smash experience with colour.

but mostly its about release - so book in and come smash some s#%t…",,,,,,,no time limit,"We have rules, you have to sign a waiver",,,,,,"12-16 Robart Crt, Unit 5, Narang...","$69 buys you a milk crate full of gear for smashing, we also have other electronics on site for
breaking, starting with computer towers from $20, and flat screen TV’s for $50, printers for $30 and
Guitars for $50 (smash like a rock star) or bring your own.",,,,,,,,,,,,,
698686,,"duration: 8 hours
cancellation_summary: 24 Hours
meeting_point: Adelaide CBD, Glenelg
description: This full-day tour visits the Adelaide Hills’ highlights, beginning with panoramic views from Mount Lofty and continuing through charming Hahndorf. Enjoy coffee and cake, free time in the historic German village for shopping, wine and photos, and a relaxed lunch. The itinerary also includes visits to Beerenberg Farm, the Australian Opal Company, Melba’s Chocolate Factory and Woodside Cheese Wrights with opportunities to sample and purchase local produce and gifts. Travel is in comfortable air-conditioned transport with a knowledgeable driver-guide.
highlights: * Panoramic views from Mount Lofty Summit Road
* Several food and artisan stops including chocolate, cheese and farm produce
* Ample free time to explore Hahndorf’s German village atmosphere and shops
* Opportunity to see opal craftsmanship at the Australian Opal Company
disclaimers: Visits to Melba’s Chocolate Factory, Woodside Cheese Wrights and other producers are subject to availability. Itinerary order may vary.",,"This full-day tour visits the Adelaide Hills’ highlights, beginning with panoramic views from Mount Lofty and continuing through charming Hahndorf. Enjoy coffee and cake, free time in the historic German village for shopping, wine and photos, and a relaxed lunch. The itinerary also includes visits to Beerenberg Farm, the Australian Opal Company, Melba’s Chocolate Factory and Woodside Cheese Wrights with opportunities to sample and purchase local produce and gifts. Travel is in comfortable air-conditioned transport with a knowledgeable driver-guide.","* Panoramic views from Mount Lofty Summit Road
* Several food and artisan stops including chocolate, cheese and farm produce
* Ample free time to explore Hahndorf’s German village atmosphere and shops
* Opportunity to see opal craftsmanship at the Australian Opal Company",,,,,,8 hours,,24 Hours,,,,,"Adelaide CBD, Glenelg","Visits to Melba’s Chocolate Factory, Woodside Cheese Wrights and other producers are subject to availability. Itinerary order may vary.",,,,,,,,,,,,,
207835,,"description: Waimangu Round Trip starts in the Waimangu Valley and ends at Te Wairoa - The Buried Village at Lake Tarawera. The customer starts their Journey at the Waimangu Volcanic Valley administration office and travels down the Waimangu Valley and boards the boat to cross Lake Rotomahana to the Rotomahana jetty to meet the guide from Totally Tarawera and walks across the Rotomahana Isthmus to the Te Ariki Jetty. Guests board the boat Sophia and is hosted on board by decendents of Tuhourangi. The boat then travels across Lake Tarawera while hearing the stories of the Tuhourangi guides that hosted international visitors to the Pink & White Terraces before the eruption of Tarawera in 1886. The boat travels past Te Rata Bay and Hot Water Beach on route to Punaromia -The Landing, Lake Tarawera. Guests then disembark the boat and board the bus to take the 5 minute journey to Te Wairoa - The Buried Village.",,"Waimangu Round Trip starts in the Waimangu Valley and ends at Te Wairoa - The Buried Village at Lake Tarawera. The customer starts their Journey at the Waimangu Volcanic Valley administration office and travels down the Waimangu Valley and boards the boat to cross Lake Rotomahana to the Rotomahana jetty to meet the guide from Totally Tarawera and walks across the Rotomahana Isthmus to the Te Ariki Jetty. Guests board the boat Sophia and is hosted on board by decendents of Tuhourangi. The boat then travels across Lake Tarawera while hearing the stories of the Tuhourangi guides that hosted international visitors to the Pink & White Terraces before the eruption of Tarawera in 1886. The boat travels past Te Rata Bay and Hot Water Beach on route to Punaromia -The Landing, Lake Tarawera. Guests then disembark the boat and board the bus to take the 5 minute journey to Te Wairoa - The Buried Village.",,,,,,,,,,,,,,,,,,,,,,,,,,,,
587626,,"description: ## SLEEPS 1 or 2. (single or double swag)

##Swag package Inclusions:

1 x Swag (Single or Double)
1 x Bedding and pillow per person
1 x chair per person
One stretcher

###Add Long Life Fan 

Camping is about being in the great outdoors, and that can get hot on our beautiful balmy Queensland night. Hire our high power fan with power tool battery to keep you cool for the duration of your stay. 

**Check-in Time is 2 PM**
**Check-out Time is 9 AM**

##Notes
• Campsite fees are charged separately & need to be paid directly to your campsite provider.
• Private property events may be available within our service area. 
• Due to the risk of falling branches, Abracadabra Camping equipment is set up away from trees. 

##What to bring 
All the fun stuff, surf board, fishing rods, golf clubs 
Personal needs - toiletries, towels, sunscreen, pest repellent etc","## Check-in Time: 2PM 
## Check-Out Time: 9AM","## SLEEPS 1 or 2. (single or double swag)

###Add Long Life Fan 

Camping is about being in the great outdoors, and that can get hot on our beautiful balmy Queensland night. Hire our high power fan with power tool battery to keep you cool for the duration of your stay. 

• Private property events may be available within our service area. 
• Due to the risk of falling branches, Abracadabra Camping equipment is set up away from trees.",,"1 x Swag (Single or Double)
1 x Bedding and pillow per person
1 x chair per person
One stretcher",• Campsite fees are charged separately & need to be paid directly to your campsite provider.,,,"All the fun stuff, surf board, fishing rods, golf clubs 
Personal needs - toiletries, towels, sunscreen, pest repellent etc",,,,"**Check-in Time is 2 PM**
**Check-out Time is 9 AM**",,,,,,,,,,,"## Check-in Time: 2PM
## Check-Out Time: 9AM",,,,,,,
255601,,"description: #Ensuite Lodge Accommodation with Breakfast

## About
Arriving too late for dinner, but keen on a hearty breakfast before a day’s adventuring and discovery?

Or, maybe you are a traveller on your way through who wants something quite different from the normal Motel or B&B. An Adventure Lodge stay in beautiful surroundings.

Either way, a River Valley Bed n’ Breakfast deal could be just what you are looking for.

Careful though, you never know, you may be tempted to stay longer! This package is also an easy hassle free option for late arrivals for activities the following day.

##Included in this package 
• One nights accommodation for two (double or twin share) in an ensuite guest room
• A full breakfast for two the following morning","##Included in this package 
• One night for two in a comfortable deluxe guest room with private bathroom (ensuite)
• Your choice of any item off our breakfast menu for two
• Use of our spa facilities","#Ensuite Lodge Accommodation with Breakfast

Arriving too late for dinner, but keen on a hearty breakfast before a day’s adventuring and discovery?

Or, maybe you are a traveller on your way through who wants something quite different from the normal Motel or B&B. An Adventure Lodge stay in beautiful surroundings.

Either way, a River Valley Bed n’ Breakfast deal could be just what you are looking for.

Careful though, you never know, you may be tempted to stay longer! This package is also an easy hassle free option for late arrivals for activities the following day.",,"• One nights accommodation for two (double or twin share) in an ensuite guest room
• A full breakfast for two the following morning",,,,,,,,,,,,,,,,"One night for two in a comfortable deluxe guest room with private bathroom (ensuite)
Your choice of any item off our breakfast menu for two
Use of our spa facilities",,,,,,,,,,
510317,,"#Enjoy the beautiful Murray River & stunning Gunbower Island by water. 

##Duration
Single day or Multi day hires 
(Kayak hire is only available for minimum 24 hours. For example: Pick up: 9:30am • Drop off: 9:30am next day)

##About
There is so much to see from the water when kayaking the Murray River or the Gunbower Island. Explore, fish or just relax bird watching, it is must do when visiting Barham/Koondrook!

##Pick up only
Our hires are for pick up & drop back only. We have everything you need. If you don't have roof racks, that's ok, we have portable ones that fit any vehicle.

##Safety Info
- Always wear a life jacket
- Always check the current weather forecast and warnings before entering any waters
- Take water & snacks
- Ensure you have let someone know where you plan to begin & finish

##What to bring
Hat, sunscreen, personal first aid kit, water bottle & lunch/snacks

##Late fee
1 x Day rate",,"Enjoy the beautiful Murray River & stunning Gunbower Island by water.

There is so much to see from the water when kayaking the Murray River or the Gunbower Island. Explore, fish or just relax bird watching, it is must do when visiting Barham/Koondrook!

Our hires are for pick up & drop back only. We have everything you need. If you don't have roof racks, that's ok, we have portable ones that fit any vehicle.",,,,,,"Hat, sunscreen, personal first aid kit, water bottle & lunch/snacks

Take water & snacks",Single day or Multi day hires,"Kayak hire is only available for minimum 24 hours.

Always wear a life jacket

Always check the current weather forecast and warnings before entering any waters

Ensure you have let someone know where you plan to begin & finish",,For example: Pick up: 9:30am • Drop off: 9:30am next day,,,,,1 x Day rate,,,,,,,,,,,,,
329820,,"description: #Weekend Getaway - Dinner, Bed & Breakfast Package

## About
A River Valley Lodge Double Trouble package is good food, comfy accommodation, great for time out, relaxing after a day’s adventuring or a romantic night away. This package is ideal as part of a Weekend Getaway, whether that be playing on a river, riding a horse or simply relaxing by the river with a good book.

##Included in this package 
• One night for two in our unique 'Bus'
• 3 Course dinner for two
• Your choice of any item off our breakfast menu for two
• Glass of wine or handle of beer with dinner
• A 45min session in either our spa or sauna","##Included in this package 
• One night for two in our unique 'Eco Bus'
• 3 Course dinner for two
• Your choice of any item off our breakfast menu for two
• Glass of wine or handle of beer with dinner
• Use of our spa facilities","Weekend Getaway - Dinner, Bed & Breakfast Package

A River Valley Lodge Double Trouble package is good food, comfy accommodation, great for time out, relaxing after a day’s adventuring or a romantic night away. This package is ideal as part of a Weekend Getaway, whether that be playing on a river, riding a horse or simply relaxing by the river with a good book.",,"One night for two in our unique 'Bus'
3 Course dinner for two
Your choice of any item off our breakfast menu for two
Glass of wine or handle of beer with dinner
A 45min session in either our spa or sauna",,,,,,,,,,,,,,,,"• One night for two in our unique 'Eco Bus'
• 3 Course dinner for two
• Your choice of any item off our breakfast menu for two
• Glass of wine or handle of beer with dinner
• Use of our spa facilities",,,,,,,,,,
236217,,"meeting_point: Bluff Knoll
description: # Evolve to real adventures

## Duration

3 Days 2 Nights

## Ages 

18+

## About

Life’s a journey – know your environment and skills before developing your competencies and realising the positive benefits.

We’ve been running outback adventures all across Australia, from WA’s Southwest, Perth, Kimberley, Papua New Guinea & everywhere in-between. We specialise in taking anyone anywhere, from abseiling Bluff knoll to rock climbing Margaret River, bushcraft-survival treks through the Kimberley & historical treks along the Kokoda Track.

**Transport, camping gear, meals, roping equipment supplied**

## What to Bring
Please bring a photo ID.","##More Information

**Please arrive 15 minutes early!**

**Things to wear & bring:**

- Appropriate clothing
- Hat, sunscreen & sunglasses
- Water bottle
- Any medication that may be required - eg: Asthma Inhaler
- Dry change of clothes
- Towel

**Please leave all valuables that may be lost or damaged at home**

if you have any questions please email operations@adventureout.com.au - 
or call 08 9472 3919","Evolve to real adventures

Life’s a journey – know your environment and skills before developing your competencies and realising the positive benefits.

We’ve been running outback adventures all across Australia, from WA’s Southwest, Perth, Kimberley, Papua New Guinea & everywhere in-between. We specialise in taking anyone anywhere, from abseiling Bluff knoll to rock climbing Margaret River, bushcraft-survival treks through the Kimberley & historical treks along the Kokoda Track.

Transport, camping gear, meals, roping equipment supplied",,,,,,Please bring a photo ID.,3 Days 2 Nights,18+,,,,,,Bluff Knoll,,"Appropriate clothing
Hat, sunscreen & sunglasses
Water bottle
Any medication that may be required - eg: Asthma Inhaler
Dry change of clothes
Towel",Please leave all valuables that may be lost or damaged at home,,,,Please arrive 15 minutes early!,,,,,,"if you have any questions please email operations@adventureout.com.au - 
or call 08 9472 3919",
647122,,"duration: 1.5 hours
meeting_point: Cardwell Jetty – Please note: Location may change depending on weather conditions
description: Set sail on a one-of-a-kind adventure where cosmic mystery meets breathtaking scenery! Our UFO Festival Boat Tour invites you to drift through the region's most stunning waterways while uncovering the legends of unexplained sightings that have made this area a hotspot for UFO enthusiasts worldwide.

As we cruise along tranquil Hinchinbrook Channel and winding rivers, you'll be surrounded by awe-inspiring natural beauty of Hinchinbrook Islands landscapes—towering forests, mirror-like water, and dramatic skies that seem tailor-made for a close encounter. Our expert guides will share riveting stories of strange lights, eerie encounters, and local legends tied to real UFO sightings that have puzzled residents and researchers for decades.

Whether you're a believer, a skeptic, or just in it for the views, this tour offers something truly out of this world. Soak in the beauty. Watch the skies. You never know what might appear just over the treetops…
what_is_included: A selection of cold drinks (BYO alcohol).",,"Set sail on a one-of-a-kind adventure where cosmic mystery meets breathtaking scenery! Our UFO Festival Boat Tour invites you to drift through the region's most stunning waterways while uncovering the legends of unexplained sightings that have made this area a hotspot for UFO enthusiasts worldwide.

As we cruise along tranquil Hinchinbrook Channel and winding rivers, you'll be surrounded by awe-inspiring natural beauty of Hinchinbrook Islands landscapes—towering forests, mirror-like water, and dramatic skies that seem tailor-made for a close encounter. Our expert guides will share riveting stories of strange lights, eerie encounters, and local legends tied to real UFO sightings that have puzzled residents and researchers for decades.

Whether you're a believer, a skeptic, or just in it for the views, this tour offers something truly out of this world. Soak in the beauty. Watch the skies. You never know what might appear just over the treetops…",,A selection of cold drinks,,,,BYO alcohol,1.5 hours,,,,,,,Cardwell Jetty – Please note: Location may change depending on weather conditions,,,,,,,,,,,,,,
710027,,"duration: 1.25Hrs
meeting_point: Phillip Swimming and Ice Skating Centre, 1 Irving Street, Phillip ACT
min_age: 16
description: Adult Drop In Hockey is the opportunity to turn up and play a game. It is an adults only game, all players must be over 16.

You are required to bring your own full ice hockey gear. You should also bring your own jersey (light & dark just in case). Pucks are provided by the rink.
what_is_included: Rink entrance for selected session
Pucks are provided by the rink
what_is_not_included: Minimum equipment required for the session includes, skates, stick and ice hockey helmet. No gear hire available. 
check_in_details: Please arrive 10mins before your scheduled session time.
what_to_bring: Helmet (mandatory)
Hockey Stick
Ice skates
Protective gear such as knee pads and wrist guards
 Bring your own jersey (light & dark just in case)","##What to bring
- Helmet (mandatory)
- Hockey Stick
- Ice skates
- Protective gear such as knee pads and wrist guards
- Bring your own jersey (light & dark just in case)","Adult Drop In Hockey is the opportunity to turn up and play a game. It is an adults only game, all players must be over 16.

You are required to bring your own full ice hockey gear. You should also bring your own jersey (light & dark just in case).",,"Rink entrance for selected session
Pucks are provided by the rink","Minimum equipment required for the session includes, skates, stick and ice hockey helmet. No gear hire available.",,,"Helmet (mandatory)
Hockey Stick
Ice skates
Protective gear such as knee pads and wrist guards
Bring your own jersey (light & dark just in case)",1.25Hrs,,,Please arrive 10mins before your scheduled session time.,16,,,"Phillip Swimming and Ice Skating Centre, 1 Irving Street, Phillip ACT",,"- Helmet (mandatory)
- Hockey Stick
- Ice skates
- Protective gear such as knee pads and wrist guards
- Bring your own jersey (light & dark just in case)",,,,,,,,,,,,
646616,,"duration: 8 Hours
meeting_point: Your hotel or pick up location
group_size: 2
description: Clare is a wonderful way to explore one of Australia’s oldest and most renowned wine regions.

Come with us to explore this rich region and visit 4 boutique wineries such as Shut the Gate, Pikes, Rilly's and Mitchell’s and taste their award-winning wines, ranging from Riesling to Shiraz.

You can also enjoy a delicious lunch at one of the winery restaurants,

Along the way, you can admire the stunning views of the hills, valleys, and vineyards, and learn about the history and heritage of the region from your friendly and knowledgeable guide. 

A wine tour in Clare is a memorable and enjoyable experience that you will cherish for a long time.

Join us on this tour with experienced guides who will make your day memorable and fun!

Pickup times will be from 8:45am - 9:45am depending on location of pick up. We will let you know prior to the booking time.
what_is_included: Winery tour with our driver and guide!",,"Clare is a wonderful way to explore one of Australia’s oldest and most renowned wine regions.

Come with us to explore this rich region and visit 4 boutique wineries such as Shut the Gate, Pikes, Rilly's and Mitchell’s and taste their award-winning wines, ranging from Riesling to Shiraz.

You can also enjoy a delicious lunch at one of the winery restaurants,

Along the way, you can admire the stunning views of the hills, valleys, and vineyards, and learn about the history and heritage of the region from your friendly and knowledgeable guide. 

A wine tour in Clare is a memorable and enjoyable experience that you will cherish for a long time.

Join us on this tour with experienced guides who will make your day memorable and fun!",,Winery tour with our driver and guide!,,,,,8 Hours,,,Pickup times will be from 8:45am - 9:45am depending on location of pick up. We will let you know prior to the booking time.,,,2,Your hotel or pick up location,,,,,,,,,,,,,,
683506,,"duration: 2 Hour, 4 Hour & Full Day Hire
cancellation_summary: Customers will receive a full refund or credit with 24 hours notice of cancellation. 
meeting_point: Harro's Snowsports 1650 Alpine way Crackenback nsw 2627
description: The Specialized Science Club Introduces the Levo 4, an electric mountain bike so advanced it transforms you into a cycling cyborg. Together you're SuperNatural, fortified with super power, traction, control, and range to conquer any off-road terrain. Levo 4, Where Super Meets Natural.
what_is_included: Every rental comes equipped with a premium helmet for your safety, a convenient water bottle holder for hydration on the go, and a top-of-the-line Specialized mountain bike - ready for adventure from the moment you ride off.
what_is_not_included: We also offer 2 daily bike shuttle runs from Lake Crackenback to Thredbo for $20pp. The shuttle leaves at 9:30am & 2:30pm and bookings are essential.
check_in_details: Please arrive 10 minutes before to arrange your bikes and helmets. 
what_to_bring: Please have your confirmation email ready upon arrival. We’ll take care of everything else from there. 
restrictions: Height restrictions; 150 - 160cm",,"The Specialized Science Club Introduces the Levo 4, an electric mountain bike so advanced it transforms you into a cycling cyborg. Together you're SuperNatural, fortified with super power, traction, control, and range to conquer any off-road terrain. Levo 4, Where Super Meets Natural.",,"Every rental comes equipped with a premium helmet for your safety, a convenient water bottle holder for hydration on the go, and a top-of-the-line Specialized mountain bike - ready for adventure from the moment you ride off.",We also offer 2 daily bike shuttle runs from Lake Crackenback to Thredbo for $20pp. The shuttle leaves at 9:30am & 2:30pm and bookings are essential.,,,Please have your confirmation email ready upon arrival. We’ll take care of everything else from there.,"2 Hour, 4 Hour & Full Day Hire",Height restrictions; 150 - 160cm,Customers will receive a full refund or credit with 24 hours notice of cancellation.,Please arrive 10 minutes before to arrange your bikes and helmets.,,,,Harro's Snowsports 1650 Alpine way Crackenback nsw 2627,,,,,,,,,,,,,,
251713,,"#Hear timeless stories, see original rock carvings and feel the power of connecting with this beautiful country.

##Schedule
- Departs 9:00am
- 2.5 hours 
- Distance: 350m
- Difficulty: Easy

## About
Beginning at the Kariong Eco Garden, you will have the opportunity to stretch your legs and use the amenities. Next, hop back into your vehicle for a short four-minute drive to the Bulgandry car park. From here you’ll set out on a short walk to view ancient Aboriginal rock engravings. Connect to this beautiful country as you learn about bush food, medicines, spirituality, totems and fire-stick farming. Your guide will share stories and ancient knowledge that provide valuable insight into the oldest living culture on earth.

Note: The tour must depart at your booked time. No shows will result in a forfeit of tour costs.","## What to Bring
- Hat
- Water
- Sunglasses
- Sunscreen
- Insect repellent
- Camera
- Walking shoes
- Wet weather gear

Note: The tour must depart at your booked time. No shows will result in a forfeit of tour costs.","Hear timeless stories, see original rock carvings and feel the power of connecting with this beautiful country.

Departs 9:00am
Distance: 350m
Difficulty: Easy

Beginning at the Kariong Eco Garden, you will have the opportunity to stretch your legs and use the amenities. Next, hop back into your vehicle for a short four-minute drive to the Bulgandry car park. From here you’ll set out on a short walk to view ancient Aboriginal rock engravings. Connect to this beautiful country as you learn about bush food, medicines, spirituality, totems and fire-stick farming. Your guide will share stories and ancient knowledge that provide valuable insight into the oldest living culture on earth.",,,,,,,2.5 hours,,No shows will result in a forfeit of tour costs.,The tour must depart at your booked time.,,,,,,"Hat
Water
Sunglasses
Sunscreen
Insect repellent
Camera
Walking shoes
Wet weather gear",,,,,The tour must depart at your booked time.,,,No shows will result in a forfeit of tour costs.,,,,
285889,,"meeting_point: Woorim Beach, Bribie Island
description: #Rates

**AU $175**

____________

#About

nudie SurfGroms adopts an approach to learning that uses group-based games to not only equip your child with the skills they need to surf and/or SUP, but also to encourage their participation by having fun. Every nudie SurfGroms lesson is designed purposefully to create a positive and supportive learning environment.

nudie SurfGroms teaches children from 5-12 years old core skills in the ocean across five incremental skill levels, as well as fundamental Ocean Awareness and Beach Safety skills such as surf survival and rescue techniques; basic first aid skills; and about varying surf conditions at the beach.","#Location 

**Woorim Beach**
[Bribie Island Aquatic Leisure Centre 48 Goodwin Dr, Bongaree QLD 4507](https://goo.gl/maps/YNzf929VCr52)

#Bring

We provide the necessities for your surf lesson, but try to remember the following items:

- Swimwear
- Towel
- Sunscreen
- Drinking water
- A HUGE smile and readiness to have lots of fun !!

#Inclusions

We will provide you with the following when you arrive for your lesson:

- Surfboard
- Wetsuit
- Rash Shirt
- Sunscreen
- Experienced and accredited Surfing Australia instructors","nudie SurfGroms adopts an approach to learning that uses group-based games to not only equip your child with the skills they need to surf and/or SUP, but also to encourage their participation by having fun. Every nudie SurfGroms lesson is designed purposefully to create a positive and supportive learning environment.

nudie SurfGroms teaches children from 5-12 years old core skills in the ocean across five incremental skill levels, as well as fundamental Ocean Awareness and Beach Safety skills such as surf survival and rescue techniques; basic first aid skills; and about varying surf conditions at the beach.",,,,,,,,,,,,,,"Woorim Beach, Bribie Island",AU $175,"We provide the necessities for your surf lesson, but try to remember the following items:

- Swimwear
- Towel
- Sunscreen
- Drinking water
- A HUGE smile and readiness to have lots of fun !!",,"We will provide you with the following when you arrive for your lesson:

- Surfboard
- Wetsuit
- Rash Shirt
- Sunscreen
- Experienced and accredited Surfing Australia instructors","Woorim Beach
Bribie Island Aquatic Leisure Centre 48 Goodwin Dr, Bongaree QLD 4507
https://goo.gl/maps/YNzf929VCr52",,,,,,,,,
637564,,"duration: 6 Hours
cancellation_summary: Cancellations by the operator allow a reschedule or full refund; customer cancellations incur a 50% fee within 7 days, 100% within 48 hours—waivers may apply.
meeting_point: Leven River Cruises 
description: Discover Tasmania’s hidden gem—Leven Canyon: epic views, fresh mountain air, and a scenic escape just a short walk away!

Tucked away in the heart of the northwest mountain ranges, where rolling farmlands meet untamed wilderness, lies one of Tasmania’s best-kept secrets – Leven Canyon. This awe-inspiring limestone ravine, carved over millennia by the powerful River Leven, offers visitors a chance to witness raw natural beauty in all its glory – and all within an easy 20-minute walk.

Whether you're a passionate photographer, a nature enthusiast, or simply looking to breathe in some fresh mountain air, Leven Canyon delivers unforgettable views from the cliff-top lookouts, plunging over 300 meters to the river below.

Get ready to disconnect from the hustle and reconnect with nature. Whether you're chasing panoramic views, keen for a peaceful walk, or looking to add a scenic highlight to your Tassie adventure, our Leven Canyon tour is a perfect choice. Snack Sack Surprise, Lunch and Water.
what_is_included:",,"Discover Tasmania’s hidden gem—Leven Canyon: epic views, fresh mountain air, and a scenic escape just a short walk away!

Tucked away in the heart of the northwest mountain ranges, where rolling farmlands meet untamed wilderness, lies one of Tasmania’s best-kept secrets – Leven Canyon. This awe-inspiring limestone ravine, carved over millennia by the powerful River Leven, offers visitors a chance to witness raw natural beauty in all its glory – and all within an easy 20-minute walk.

Whether you're a passionate photographer, a nature enthusiast, or simply looking to breathe in some fresh mountain air, Leven Canyon delivers unforgettable views from the cliff-top lookouts, plunging over 300 meters to the river below.

Get ready to disconnect from the hustle and reconnect with nature. Whether you're chasing panoramic views, keen for a peaceful walk, or looking to add a scenic highlight to your Tassie adventure, our Leven Canyon tour is a perfect choice. Snack Sack Surprise, Lunch and Water.",,,,,,,6 Hours,,"Cancellations by the operator allow a reschedule or full refund; customer cancellations incur a 50% fee within 7 days, 100% within 48 hours—waivers may apply.",,,,,Leven River Cruises,,,,,,,,,,,,,,
458669,,"duration: 3+ hours
description: Spirit of Darwin Territory Day Fireworks Cruise

Get ready for an enchanting Wednesday night under the stars as Darwin Harbour lights up with the magic of Territory Day fireworks!

Celebrate from the best seat in the harbour — with no sand, no crowds, and no stress. Enjoy a reserved table for your group, cold drinks from the bar, onboard toilets, easy parking, and amazing fireworks views.

We’ll cruise through Darwin Harbour with live commentary, serve a delicious buffet dinner, then anchor near Mindil Beach for the official fireworks display. Dessert will be served on the way back to Stokes Hill Wharf.

Join in the fun with our lucky number raffle for a chance to win cash prizes, all supporting the wonderful work of Variety - the Children's Charity.

Come aboard for a fun, feel-good night filled with fireworks, harbour views, great food, and memories to last a lifetime.

What’s Included
Reserved table for your group
Buffet dinner and dessert
Cold drinks available from the bar
Onboard toilets
Lucky number raffle
Easy parking and no sand in your shoes
check_in_details: Boarding is at 5:30pm
Dock 2 Stokes Hill Wharf 

returning around 9pm.",,"Spirit of Darwin Territory Day Fireworks Cruise

Get ready for an enchanting Wednesday night under the stars as Darwin Harbour lights up with the magic of Territory Day fireworks!

Celebrate from the best seat in the harbour — with no sand, no crowds, and no stress. Enjoy a reserved table for your group, cold drinks from the bar, onboard toilets, easy parking, and amazing fireworks views.

We’ll cruise through Darwin Harbour with live commentary, serve a delicious buffet dinner, then anchor near Mindil Beach for the official fireworks display. Dessert will be served on the way back to Stokes Hill Wharf.

Join in the fun with our lucky number raffle for a chance to win cash prizes, all supporting the wonderful work of Variety - the Children's Charity.

Come aboard for a fun, feel-good night filled with fireworks, harbour views, great food, and memories to last a lifetime.

Cold drinks available from the bar
Easy parking and no sand in your shoes",,"Reserved table for your group
Buffet dinner and dessert
Onboard toilets
Lucky number raffle",,,,,3+ hours,,,"Boarding is at 5:30pm
Dock 2 Stokes Hill Wharf
returning around 9pm.",,,,,,,,,,,,,,,,,,
466438,,"(Do not book if you have a fear of enclosed spaces)

Duration

##About
Mobile Escape Room Port Macquarie

Welcome to the Dark Room, our mobile Escape Room in Port Macquarie, Australia which we bring to you. It can be hired for events , parties, weddings, private functions, birthdays, teambuilding, markets and more.

The Dark Room - 

Alfred Nottingham was a retired Private Investigator with a keen passion for photography, but little did he know that one day his past would catch up with him along with the case he never solved.

Alfred was close to capturing the CEO of Dietrich Holdings and finding out how he was using the company as a front for crimes across the world, with their main headquarters right here in Port Macquarie.

Before Nottingham could piece together the final parts of the puzzle he mysteriously disappeared. Did he know too much? Did he get too close?.t's your job to find out and finish what Nottingham started.

Level: Hard ( 🔍🔍🔍)

Minimum players: 2

Time: 30 Minutes

Cost: $20 Per person 

Size: 1.2 x 1.2 x 2.2m (Do not book if you have a fear of enclosed spaces)

##Duration
30 Minutes",##Thank you for booking with us!,"Mobile Escape Room Port Macquarie

Welcome to the Dark Room, our mobile Escape Room in Port Macquarie, Australia which we bring to you. It can be hired for events , parties, weddings, private functions, birthdays, teambuilding, markets and more.

The Dark Room - 

Alfred Nottingham was a retired Private Investigator with a keen passion for photography, but little did he know that one day his past would catch up with him along with the case he never solved.

Alfred was close to capturing the CEO of Dietrich Holdings and finding out how he was using the company as a front for crimes across the world, with their main headquarters right here in Port Macquarie.

Before Nottingham could piece together the final parts of the puzzle he mysteriously disappeared. Did he know too much? Did he get too close?.t's your job to find out and finish what Nottingham started.

Level: Hard ( 🔍🔍🔍)

Size: 1.2 x 1.2 x 2.2m",,,,,,,30 Minutes,"Minimum players: 2
Do not book if you have a fear of enclosed spaces",,,,,,,Cost: $20 Per person,,,,,,,,,,,,,
317115,,"description: ##Rate

Adult (17+ years old) - A$20

Child (12 - 16 years old) - A$15

Concession (Student ID / Senior card required) - A$18

Family | 4 Admissions (Suitable for 2 adults and 2 children or 1 adult and 3 children) - A$60

______________________

##DETAILS
• Time: 6 pm - 7 pm
• Availability: Friday 09 July
• Capacity: 30 persons max
• Minimum Age: 12 years
• Bookings: Online only and essential
• Pop Culture: Dinosaurs in Film and TV Night Tour
• Explore the National Dinosaur Museum at night with our new and exclusive tour – Pop Culture: Dinosaurs in Film in TV
• Join our passionate guides to debate which is the greatest or worst dinosaur movie or TV series ever made.
• Discover little known facts about how dinosaur movies reflect contemporary culture.
See which of our Museum exhibits have featured in film and TV
• Please note this tour has a minimum age requirement of 8 years, if you have younger children check out our special Junior Paleo tours for the younger generation aged 4 -10 years HERE.
• Buy your ticket online today to skip the queue!","##Check-in

6 Gold Creek Road, Nicholls, ACT 2913","• Time: 6 pm - 7 pm
• Availability: Friday 09 July
• Capacity: 30 persons max
• Pop Culture: Dinosaurs in Film and TV Night Tour
• Explore the National Dinosaur Museum at night with our new and exclusive tour – Pop Culture: Dinosaurs in Film in TV
• Join our passionate guides to debate which is the greatest or worst dinosaur movie or TV series ever made.
• Discover little known facts about how dinosaur movies reflect contemporary culture.
See which of our Museum exhibits have featured in film and TV",,,,,,,,"• Minimum Age: 12 years
• Please note this tour has a minimum age requirement of 8 years",,,,,,,"Adult (17+ years old) - A$20
Child (12 - 16 years old) - A$15
Concession (Student ID / Senior card required) - A$18
Family | 4 Admissions (Suitable for 2 adults and 2 children or 1 adult and 3 children) - A$60
Bookings: Online only and essential
if you have younger children check out our special Junior Paleo tours for the younger generation aged 4 -10 years HERE.
Buy your ticket online today to skip the queue!",,,,"6 Gold Creek Road, Nicholls, ACT 2913",,,,,,,,,
419423,,"#Come Ride With Us!

##Duration
Four Days

##About
Take in an adventure at the beach, or in the forest and explore what this vibrant community has to offer. With an endless selection of cafes, restaurants, breweries and vineyards in the area, a whole day can easily be spent taking in the sights and sounds… all on a bike!

##What's included
Bike
Helmet
Lock
Cycle trail map and guide
Personalised advice where to go

##What to bring
Closed in shoes
Sunscreen
Camera / phone
Water bottle / snacks","Thank you for hiring a bike through Life Cycle Bikes -- Margaret River!

To ensure you have a wonderful experience with us, please note the following:

All bike hire customers are required to sign the in-store indemnity clause before taking their hire bikes. You will also be require to provide a physical (not digital) copy of your proof of ID (passport or driver's licence) as well as a valid credit card (debit card not accepted).

Note that our electric assist bikes have a limited range of 30-60km max (varies depending on model, riding style and level of assist used). Our suggested riding loops take this into account and we strong encourage you to follow our suggested loop.","Take in an adventure at the beach, or in the forest and explore what this vibrant community has to offer. With an endless selection of cafes, restaurants, breweries and vineyards in the area, a whole day can easily be spent taking in the sights and sounds… all on a bike!",,"Bike
Helmet
Lock
Cycle trail map and guide
Personalised advice where to go",,,,"Closed in shoes
Sunscreen
Camera / phone
Water bottle / snacks",Four Days,,,,,,,,,,,,,All bike hire customers are required to sign the in-store indemnity clause before taking their hire bikes. You will also be require to provide a physical (not digital) copy of your proof of ID (passport or driver's licence) as well as a valid credit card (debit card not accepted).,,,"Note that our electric assist bikes have a limited range of 30-60km max (varies depending on model, riding style and level of assist used). Our suggested riding loops take this into account and we strong encourage you to follow our suggested loop.",,,,,"To ensure you have a wonderful experience with us, please note the following:"
252851,,"#Sequinned Steps - LGBT Sydney

##Tour snapshot
Sydney's world-famous Mardi Gras is the evolution of over 200 years of gay and lesbian history in this city. From the gay governor whose conduct scandalised the British Empire to the bright lights of Oxford Street, hear the stories and see the sites that make Sydney one of the friendliest cities for gay and lesbian culture in the world. Your guide brings the hidden history to life, one laneway and landmark at a time.

##Highlights
* Uncover the hidden tales of key gay and lesbian figures who shaped the Sydney landscape
* Walk Oxford Street, the traditional heart of Sydney's gay and lesbian scene
* Learn the story behind the world-famous Sydney Gay and Lesbian Mardi Gras
* Finish with a drink (additional cost) at an iconic gay hangout, and you might just share a table with a drag queen

Inclusions: Local English-speaking guide, choice of alcoholic/non-alcoholic drink (additional cost) at the conclusion of the tour.
Exclusions: Additional food and drink, souvenirs and items of a personal nature, tips or gratuities for your guide.

##Schedule details
Duration: 2 hours
Meeting point: Hyde Park Barracks Piazza (Queens Square, 12 Macquarie Street, Sydney)

Recommended Starting time: 2.00 PM

Ending point: Kinselas Hotel",,"Sydney's world-famous Mardi Gras is the evolution of over 200 years of gay and lesbian history in this city. From the gay governor whose conduct scandalised the British Empire to the bright lights of Oxford Street, hear the stories and see the sites that make Sydney one of the friendliest cities for gay and lesbian culture in the world. Your guide brings the hidden history to life, one laneway and landmark at a time.

Recommended Starting time: 2.00 PM

Ending point: Kinselas Hotel","Uncover the hidden tales of key gay and lesbian figures who shaped the Sydney landscape
Walk Oxford Street, the traditional heart of Sydney's gay and lesbian scene
Learn the story behind the world-famous Sydney Gay and Lesbian Mardi Gras
Finish with a drink (additional cost) at an iconic gay hangout, and you might just share a table with a drag queen",Local English-speaking guide,"Additional food and drink, souvenirs and items of a personal nature, tips or gratuities for your guide.
choice of alcoholic/non-alcoholic drink (additional cost) at the conclusion of the tour.",,,,2 hours,,,,,,,"Hyde Park Barracks Piazza (Queens Square, 12 Macquarie Street, Sydney)",,,,,,,,,,,,,,
186343,,"Program runs consecutively from the day you booked!

Wetsuit and Surfboard provided!

🌊 2-Hour Surf Lesson – What You Can Expect

Get ready for an epic, laid-back surf session with real local surfers! 🤙
🏄‍♂️ Easy check-in, grab your wetsuit & board
☀️ Chill beach intro + simple ocean safety rundown
📚 Learn the basics on the sand — positioning, paddling & the pop-up
🤸‍♂️ Quick warm-up to get the body moving
🌊 Hit the water and catch waves in a safe, shallow spot
🙌 Relaxed vibes, tonnes of encouragement & hands-on coaching
😁 Heaps of fun, confidence-building moments & plenty of waves
🎉 Finish with a quick recap & a big high-five
Perfect for beginners, cruisy learners, or anyone keen for a good time in the ocean. 🌅","## Congratulations!

PFSS is at 107 Beach Street Port Fairy

The program runs consecutively from the date you booked.

Any questions, make sure to reach out and our team will assist you to the best of their abilities!

Looking forward to seeing you rip in the waves!

You don’t really need to bring much to your surf lesson, but try to remember the following items:

Swimwear
Towel
Sunscreen
Drinking water
Your booking voucher (printed or on your phone)
A HUGE smile!!....","Program runs consecutively from the day you booked!

Wetsuit and Surfboard provided!

2-Hour Surf Lesson – What You Can Expect

Get ready for an epic, laid-back surf session with real local surfers! 🤙
🏄‍♂️ Easy check-in, grab your wetsuit & board
☀️ Chill beach intro + simple ocean safety rundown
📚 Learn the basics on the sand — positioning, paddling & the pop-up
🤸‍♂️ Quick warm-up to get the body moving
🌊 Hit the water and catch waves in a safe, shallow spot
🙌 Relaxed vibes, tonnes of encouragement & hands-on coaching
😁 Heaps of fun, confidence-building moments & plenty of waves
🎉 Finish with a quick recap & a big high-five
Perfect for beginners, cruisy learners, or anyone keen for a good time in the ocean. 🌅",,,,,,,2-Hour,,,,,,,,,"You don’t really need to bring much to your surf lesson, but try to remember the following items:

Swimwear
Towel
Sunscreen
Drinking water
Your booking voucher (printed or on your phone)
A HUGE smile!!....",,,PFSS is at 107 Beach Street Port Fairy,,,,,,,,"Any questions, make sure to reach out and our team will assist you to the best of their abilities!",The program runs consecutively from the date you booked.
632761,,"duration: 1.5 hours
meeting_point: Bushfield Farm Camels 490 Back Creek Road Gundaroo, NSW
description: Our camel farm ride ultimate experience give the rider that feeling of calm and being with nature whilst riding our camels around our beautiful farm. You’ll see our animal habitats as you move slowly at a camel pace. After the ride, passengers are able to spend time with all our animals including brushing and take photos with the camels. Children must be 3 years of age. Children 3-5 must ride with a paying adult.

Please note, every person visiting the farm needs to purchase a ticket and will get a full meet and greet experience.
what_is_included: Entry to the farm
30-minute camel ride 
Hands on camel experience
Brushing and cuddling the camels
Beautiful photo opportunities
Meet all our other animals 
Hand feeding of the animals
Access to picnic area to enjoy a BYO lunch

check_in_details: Drive in past the steel camel, and you will see a parking lot 100m down the driveway on the left. Then you will walk 20-30m to the camel sign.
what_to_bring: Don't forget to bring a picnic. After the ride, you can enjoy your lunch in our pinic area under our shady trees.
special_requirements: Children must be 3 years of age. Children 3-5 must ride with a paying adult.",,"Our camel farm ride ultimate experience give the rider that feeling of calm and being with nature whilst riding our camels around our beautiful farm. You’ll see our animal habitats as you move slowly at a camel pace. After the ride, passengers are able to spend time with all our animals including brushing and take photos with the camels.",,"Entry to the farm
30-minute camel ride
Hands on camel experience
Brushing and cuddling the camels
Beautiful photo opportunities
Meet all our other animals
Hand feeding of the animals
Access to picnic area to enjoy a BYO lunch",,,,"Don't forget to bring a picnic. After the ride, you can enjoy your lunch in our pinic area under our shady trees.",1.5 hours,"Children must be 3 years of age. Children 3-5 must ride with a paying adult.
Please note, every person visiting the farm needs to purchase a ticket and will get a full meet and greet experience.",,"Drive in past the steel camel, and you will see a parking lot 100m down the driveway on the left. Then you will walk 20-30m to the camel sign.",,,,"Bushfield Farm Camels 490 Back Creek Road Gundaroo, NSW",,,,,,,,,,,,,,
296274,,"## What's involved: 
Depart from Dongara and enjoy the drive through the picturesque Chapman Valley to the Burnt Barrel. Famous for its low and slow smoked Kansas-City Style BBQ, coupled with cold beers brewed onsite. 

Upon arrival you will receive a Burnt Barrel tasting board featuring some of their signature meats accompanied by a paddle of paired home-brewed beers and cider to get you started. If you can't resist the temptation of trying more of their elaborate menu, you have the option of ordering additional food and beverages at your own cost before boarding the bus with full bellies and an impending meat coma to return to Dongara.","Thank you for booking with New Leaf Connect, we are looking forward to having you join us for our 'Burnt Barrel Meat Feast'!

If you selected your pick up location as the 'Central Meeting Point: Tyford+Co Gift Shop' we will see you there (29 Moreton Terrace, Dongara) at 10am on the day. If you selected your pick up location to be from a 'Local Accommodation Provider' we will be in touch the day before to confirm your exact pick up time. In the event that you need to reach out, please don't hesitate to give us a call on 0474 922 552.

We look forward to turning over a new leaf with you, see you soon!","Depart from Dongara and enjoy the drive through the picturesque Chapman Valley to the Burnt Barrel. Famous for its low and slow smoked Kansas-City Style BBQ, coupled with cold beers brewed onsite.

Upon arrival you will receive a Burnt Barrel tasting board featuring some of their signature meats accompanied by a paddle of paired home-brewed beers and cider to get you started.",,,"If you can't resist the temptation of trying more of their elaborate menu, you have the option of ordering additional food and beverages at your own cost before boarding the bus with full bellies and an impending meat coma to return to Dongara.",,,,,,,,,,,,,,,,"If you selected your pick up location as the 'Central Meeting Point: Tyford+Co Gift Shop' (29 Moreton Terrace, Dongara)",,we will see you there at 10am on the day. If you selected your pick up location to be from a 'Local Accommodation Provider' we will be in touch the day before to confirm your exact pick up time.,,,,,,"In the event that you need to reach out, please don't hesitate to give us a call on 0474 922 552.",
678270,,"duration: 1 Hour
meeting_point: Pahiatua Station 
description: Travel on New Zealand’s only Mainline Heritage Railcar!

Operating in conjunction with our Open Day.

Experience rail travel from a bygone age and join us on board our Standard Railcar RM31 “Tokomaru” for a return journey from Pahiatua to Newman on the Wairarapa Line.

Arriving at Newman we stop briefly for the driver to change ends for the return journey.

Seats are limited, bookings essential!
what_is_included: - Open Day Entry
- Return Railcar travel from Pahiatua to Newman
itinerary: 🎟️ Railcar Departs Napier
- 9:30am
- 10:35am
- 12:10pm
- 1:15pm
- 2:20pm
check_in_details: Please arrive at your boarding station at least 10 minutes before the advertised departure time.
disclaimers: Limited Mobility Disclaimer
=
Due to the age, design and nature of the heritage railcar, these are not suitable for passengers with limited mobility. If you have any concerns, please contact us at bookings@railcars.co.nz to discuss options with our bookings team!

Booking Disclaimer
=
Please check your seat selection carefully before completing the booking process, once booked seats will not be reassigned.

All tickets and seating allocations are sent via email, within 48 hours prior to the departure of this excursion.","- Ticket includes entry to the Open Day, please present at the gate.
- Please arrive at the departure station 10 mins prior to the departure time.","Travel on New Zealand’s only Mainline Heritage Railcar!

Operating in conjunction with our Open Day.

Experience rail travel from a bygone age and join us on board our Standard Railcar RM31 “Tokomaru” for a return journey from Pahiatua to Newman on the Wairarapa Line.

Arriving at Newman we stop briefly for the driver to change ends for the return journey.

Seats are limited, bookings essential!

🎟️ Railcar Departs Napier
- 9:30am
- 10:35am
- 12:10pm
- 1:15pm
- 2:20pm",,"- Open Day Entry
- Return Railcar travel from Pahiatua to Newman",,,,,1 Hour,,,Please arrive at your boarding station at least 10 minutes before the advertised departure time.,,,,Pahiatua Station,"Limited Mobility Disclaimer
=
Due to the age, design and nature of the heritage railcar, these are not suitable for passengers with limited mobility. If you have any concerns, please contact us at bookings@railcars.co.nz to discuss options with our bookings team!

Booking Disclaimer
=
Please check your seat selection carefully before completing the booking process, once booked seats will not be reassigned.

All tickets and seating allocations are sent via email, within 48 hours prior to the departure of this excursion.",,,"Ticket includes entry to the Open Day,",departure station,please present at the gate.,Please arrive at the departure station 10 mins prior to the departure time.,,,,,,,
104033,,"description: #Ocean Swimming

_________________
##Rates
$15 per Adult

_________________
##Duration

1 Hour
_________________
##About

Recreational Swim Classes for Fitness, and Healthy minds.

These recreational lessons are for anyone wanting to enjoy swimming as apart of their weekly fitness regime, it is great for the mind and body allowing yourself to enjoy the flow in the water. I believe that swimming can be effortless for everyone once that have been taught the basic techniques. We utilse fins (flippers)and Pull bouys to start you out with ease.

We focus on breathing techniques to allow your mind to slow down, and enjoy the feel of the water.
Kickng sets to strengthen and tone legs and your core, limiting the chances of injury.
For those who just love being in the water this is fun and doable for any level of swimmer.
Great for anyone who is wanting to keep fit whilst rehabilitating from any injury","#Location

We presently meet at the right hand side of the Burleigh Heads Surf Life Savings Club. 

**Goodwin Terrace & Gold Coast Highway, Burleigh Heads QLD 4220**

![Description of image](https://cdn.filestackcontent.com/XAiLstc0TJy2vQHJVuIe)

#[Click here for directions!](https://goo.gl/maps/uSpqJmNM6Xm)

___________________________________
## What to Bring
- Swimmers and or boardshorts
- Towel
- Water bottle
- Voucher for the lesson
- Suncreen

##Participation Form 

Please sign and date our compulsory [participation form](https://cdn.filestackcontent.com/quBRjAFuTeyNJCMaUOQb) and bring along with you on the day.","Ocean Swimming

Recreational Swim Classes for Fitness, and Healthy minds.

These recreational lessons are for anyone wanting to enjoy swimming as apart of their weekly fitness regime, it is great for the mind and body allowing yourself to enjoy the flow in the water. I believe that swimming can be effortless for everyone once that have been taught the basic techniques. We utilse fins (flippers)and Pull bouys to start you out with ease.

We focus on breathing techniques to allow your mind to slow down, and enjoy the feel of the water.
Kickng sets to strengthen and tone legs and your core, limiting the chances of injury.
For those who just love being in the water this is fun and doable for any level of swimmer.
Great for anyone who is wanting to keep fit whilst rehabilitating from any injury",,,,,,,1 Hour,,,,,,,,$15 per Adult,"- Swimmers and or boardshorts
- Towel
- Water bottle
- Voucher for the lesson
- Suncreen",,,"We presently meet at the right hand side of the Burleigh Heads Surf Life Savings Club.

Goodwin Terrace & Gold Coast Highway, Burleigh Heads QLD 4220

https://cdn.filestackcontent.com/XAiLstc0TJy2vQHJVuIe

https://goo.gl/maps/uSpqJmNM6Xm",,,,,,,Please sign and date our compulsory participation form (https://cdn.filestackcontent.com/quBRjAFuTeyNJCMaUOQb) and bring along with you on the day.,,
201040,,"description: #Intimate guided walk through Puketi Forest, the ancient kauri rainforest (15,000 hectares) close to the Bay Islands.
___________________________________
## Rates
**Adults (Ages 13+):** $140
**Children (Ages 6 to 12):** $72
**Children (Ages 5 and under):** Free

## Duration
3 hours 

## About
With over 360 indigenous species of plants, this subtropical rainforest is one of the most diverse in New Zealand. Learn to recognise and name some of the native trees: the mighty kauri, tawa, rimu, totara and nikau (New Zealand’s native palm tree) to mention just a few. Listen and maybe see the native birds: tui, fantail, pied tit, fernbird and kukupa. Spot the Northland green gecko and tusked weta.

Experienced guides with a passion for conservation share their stories and knowledge:
Learn more about the unique flora and fauna. Discover what’s threatening New Zealand’s subtropical rainforests: possums, stoats, ferrets and kauri dieback and what we can do to protect the eco system.

## MORE INFORMATION
Departure times:
9.30am or 2.30pm

Small groups:
Minimum 2 people
Maximum 6 people

Fitness level:
Light to moderate

What to bring:
Backpack, good walking shoes, light jacket, hat and sunscreen

What’s provided:
Bottled water and morning/afternoon tea","**Please note you must arrive 15 minutes prior to the tour departure.**

#What to bring:
Backpack, good walking shoes, light jacket, hat and sunscreen

#What’s provided:
Bottled water and morning/afternoon tea","Intimate guided walk through Puketi Forest, the ancient kauri rainforest (15,000 hectares) close to the Bay Islands.

With over 360 indigenous species of plants, this subtropical rainforest is one of the most diverse in New Zealand. Learn to recognise and name some of the native trees: the mighty kauri, tawa, rimu, totara and nikau (New Zealand’s native palm tree) to mention just a few. Listen and maybe see the native birds: tui, fantail, pied tit, fernbird and kukupa. Spot the Northland green gecko and tusked weta.

Experienced guides with a passion for conservation share their stories and knowledge:
Learn more about the unique flora and fauna. Discover what’s threatening New Zealand’s subtropical rainforests: possums, stoats, ferrets and kauri dieback and what we can do to protect the eco system.

9.30am or 2.30pm

Minimum 2 people
Maximum 6 people",,Bottled water and morning/afternoon tea,,,,"Backpack, good walking shoes, light jacket, hat and sunscreen",3 hours,Light to moderate,,,,,,,"Adults (Ages 13+): $140
Children (Ages 6 to 12): $72
Children (Ages 5 and under): Free","Backpack, good walking shoes, light jacket, hat and sunscreen",,Bottled water and morning/afternoon tea,,,Please note you must arrive 15 minutes prior to the tour departure.,,,,,,,
338201,,"This is a fantastic choice for those wanting to explore Lake Wanaka by stand up paddle board (SUP) on your own agenda. It’s also a great choice for families!
##Duration 
1, 2 & 3hrs 
##About 
Popular places to explore by paddle include around the bay to Eely Point, that ‘famous Wanaka tree’, Waterfall creek and the favourite Ruby island!

We offer New Zealand made Red brand stand up paddle boards (SUP).

With all of our beach rentals you must bring a buddy if your intention is to paddle for more than 1 hour.
##More Info 
Age 6 -17 needs parents written approval 
##What to bring 
All you need to bring is clothing that you don’t mind getting wet, and anything else you might want to deal with the current weather (sunglasses, hat, sunscreen, raincoat, fleece, water bottle, snacks, etc.) If you are going out for 2 or more hours you should also bring a cell phone that works in New Zealand as an emergency contact.","##What to bring
All you need to bring is clothing that you don’t mind getting wet, and anything else you might want to deal with the current weather (sunglasses, hat, sunscreen, raincoat, fleece, water bottle, snacks, etc.) If you are going out for 2 or more hours you should also bring a cell phone that works in New Zealand as an emergency contact.","This is a fantastic choice for those wanting to explore Lake Wanaka by stand up paddle board (SUP) on your own agenda. It’s also a great choice for families.

Popular places to explore by paddle include around the bay to Eely Point, that ‘famous Wanaka tree’, Waterfall creek and the favourite Ruby island!

We offer New Zealand made Red brand stand up paddle boards (SUP).",,,,,,"All you need to bring is clothing that you don’t mind getting wet, and anything else you might want to deal with the current weather (sunglasses, hat, sunscreen, raincoat, fleece, water bottle, snacks, etc.) If you are going out for 2 or more hours you should also bring a cell phone that works in New Zealand as an emergency contact.","1, 2 & 3hrs","Age 6 -17 needs parents written approval

With all of our beach rentals you must bring a buddy if your intention is to paddle for more than 1 hour.",,,,,,,,"All you need to bring is clothing that you don’t mind getting wet, and anything else you might want to deal with the current weather (sunglasses, hat, sunscreen, raincoat, fleece, water bottle, snacks, etc.) If you are going out for 2 or more hours you should also bring a cell phone that works in New Zealand as an emergency contact.",,,,,,,,,,,,
559785,,"meeting_point: Milford Sound
description: #Join us aboard our boutique catamaran the **Fiordland Jewel** for our small group morning cruise

##Duration
1 hour 

##About
Enjoy chef-prepared cuisine while taking in the breathtaking landscapes and local wildlife of **Milford Sound**. 

- With a boutique atmosphere the Fiordland Jewel was designed specifically to take in the stunning scenery and offers comfortable lounges, seated dining, and full sea views from our main saloon or outdoor areas.
- Enjoy chef-prepared light refreshments while onboard - all dietary requirements are catered for. Please advise us of your dietaries in advance for our chef's preparation. Complimentary tea & coffee is available.
- Our knowledgeable crew will share stories and point out wildlife such as seals, penguins, and dolphins that we may encounter as we cruise the fiord.
- If you wish to enjoy wine, beer and other beverages from our licensed bar, payment can be made by EFTPOS or CREDIT CARD.

##More info
Operating from:
Saturday November 9, 2024 to Monday April 21, 2025.
Heli boarding at 10.15am. Heli departure at 11.30am.

##What to bring
- Non-slip shoes 
- Waterproof jacket
- Warm sweater or fleece jacket","##Arrival/Departure by Helicopter - in Harrison's Cove
Land on boat at 10.15am | departure from boat - 11.30am 

Cruise of Milford Sound and light refreshments

##What to bring
- Non-slip shoes
- Waterproof jacket
- Warm sweater or fleece jacket","#Join us aboard our boutique catamaran the **Fiordland Jewel** for our small group morning cruise

Enjoy chef-prepared cuisine while taking in the breathtaking landscapes and local wildlife of **Milford Sound**.

- With a boutique atmosphere the Fiordland Jewel was designed specifically to take in the stunning scenery and offers comfortable lounges, seated dining, and full sea views from our main saloon or outdoor areas.
- Enjoy chef-prepared light refreshments while onboard - all dietary requirements are catered for. Please advise us of your dietaries in advance for our chef's preparation. Complimentary tea & coffee is available.
- Our knowledgeable crew will share stories and point out wildlife such as seals, penguins, and dolphins that we may encounter as we cruise the fiord.
- If you wish to enjoy wine, beer and other beverages from our licensed bar, payment can be made by EFTPOS or CREDIT CARD.
Operating from:
Saturday November 9, 2024 to Monday April 21, 2025.",,,,"Heli boarding at 10.15am.
Heli departure at 11.30am.",,"- Non-slip shoes 
- Waterproof jacket
- Warm sweater or fleece jacket",1 hour,,,,,,,Milford Sound,,"- Non-slip shoes
- Waterproof jacket
- Warm sweater or fleece jacket",,Cruise of Milford Sound and light refreshments,Harrison's Cove,,"Arrival/Departure by Helicopter
Land on boat at 10.15am | departure from boat - 11.30am",,,,,,,
419095,,"duration: 30 mins or 45 mins or 1 hour
meeting_point: 290 Gympie Terrace, Noosaville
min_age: 16
pricing: 
30 mins: $120
45 mins: $170
1 Hour: $200

description: #FOR THE NEWEST & BEST SKI’S IN NOOSA, COME IN & TRY OUR YAMAHA FX & VX 

##Duration
30 mins or 45 mins or 1 hour

##About 
We offer the River Circuit, a high speed adrenaline rush in an exclusive jet ski zone for commercial hire ski’s only. Great for families, children or groups who want to share this exhilarating experience.

Our guides are the most experienced and professional in Noosa, they will teach you everything you need to know and make sure you are completely comfortable and confident to ensure you will have an absolute blast while your are out there!

what_is_included: ## We do Supply 
Life jackets and sunglass straps.
Please arrive 15 minutes prior to the start of your booking.
special_requirements: ##More info 
- Opening hours: 8am-5pm Daily, Longer hours in Summer
- No licence needed 
- Swap drivers
- Minimum age as a passenger is 7 years / 125cm+
- Minimum age to ride alone is 16 years
- If double or triple on Jet Ski, 1 person must be 18 years+","##We have complementary fishing rods, reals and tackle. We sell bait, ice, drinks and snacks.

##Please arrive at least 15 minutes prior to the start of your booking.","#FOR THE NEWEST & BEST SKI’S IN NOOSA, COME IN & TRY OUR YAMAHA FX & VX

We offer the River Circuit, a high speed adrenaline rush in an exclusive jet ski zone for commercial hire ski’s only. Great for families, children or groups who want to share this exhilarating experience.

Our guides are the most experienced and professional in Noosa, they will teach you everything you need to know and make sure you are completely comfortable and confident to ensure you will have an absolute blast while your are out there!

Opening hours: 8am-5pm Daily, Longer hours in Summer
Swap drivers",,Life jackets and sunglass straps.,,,,,30 mins or 45 mins or 1 hour,"No licence needed
Minimum age as a passenger is 7 years / 125cm+
Minimum age to ride alone is 16 years
If double or triple on Jet Ski, 1 person must be 18 years+",,Please arrive 15 minutes prior to the start of your booking.,16,,,"290 Gympie Terrace, Noosaville","30 mins: $120
45 mins: $170
1 Hour: $200",,,"We have complementary fishing rods, reals and tackle.",,,Please arrive at least 15 minutes prior to the start of your booking.,,,,,,,"We sell bait, ice, drinks and snacks."
550275,,"Luxury 2.5 hour cruise along the majestic Hawkesbury River Brooklyn
 $78.00 per head. Bookings essential. 

Boarding: 11:30 am Parsley Bay Parsley Bay Public Wharf Brooklyn (end of George St Brooklyn)
Disembarking: 2:00pm Parsley Bay 

Closest Train Station: Hawkesbury River Station (10 min walk to Parsley Bay).

If booking individually as part of a group, please include the name of group to be seated with. 

Buffet Includes:
• Glass of sparkling wine on arrival
• Selection of freshly baked scones (sweet & savoury), mixed jams, freshly whipped chantilly cream
• Selection of fine tea cakes & biscuits
• Soft drinks included & coffee & tea included
Additional wine, spirits & cocktails can be purchased form the bar 

Red Carpet Cruises - Private Charters / Large Group Bookings
Seniors Group Booking Discounts: 
$74.00 per head for group bookings 15 - 25 guests 
$69.00 per head for group bookings 25 - 47 guests

Available to hire any day upon request (with advanced notice) 
Boarding: Parsley Bay Public Wharf Brooklyn 
or Kangaroo Point (Next to the Estuary Restaurant)
Min: 14 guests
Max: 47 guests (can seat 49 if required)

If you would like to book a group, please call Red Carpet Cruises directly to reserve your seating on: 
Mobile: 0408 688 084.",Please ensure you are at the wharf 15 MINUTES prior to the float for boarding. We depart from Parsley Bay Brooklyn (end of George St),Luxury 2.5 hour cruise along the majestic Hawkesbury River Brooklyn,,"Glass of sparkling wine on arrival
Selection of freshly baked scones (sweet & savoury), mixed jams, freshly whipped chantilly cream
Selection of fine tea cakes & biscuits
Soft drinks included & coffee & tea included","Additional wine, spirits & cocktails can be purchased form the bar",,,,2.5 hour,"Min: 14 guests
Max: 47 guests (can seat 49 if required)",,"Boarding: 11:30 am Parsley Bay Parsley Bay Public Wharf Brooklyn (end of George St Brooklyn)
Disembarking: 2:00pm Parsley Bay
Closest Train Station: Hawkesbury River Station (10 min walk to Parsley Bay).
Boarding: Parsley Bay Public Wharf Brooklyn
or Kangaroo Point (Next to the Estuary Restaurant)",,,,,"$78.00 per head. Bookings essential.
If booking individually as part of a group, please include the name of group to be seated with.
Red Carpet Cruises - Private Charters / Large Group Bookings
Seniors Group Booking Discounts:
$74.00 per head for group bookings 15 - 25 guests
$69.00 per head for group bookings 25 - 47 guests
Available to hire any day upon request (with advanced notice)
If you would like to book a group, please call Red Carpet Cruises directly to reserve your seating on:
Mobile: 0408 688 084.",,,,We depart from Parsley Bay Brooklyn (end of George St),,Please ensure you are at the wharf 15 MINUTES prior to the float for boarding.,,,,,,,
254102,,"#Sail onboard a yacht with a colourful history of racing.

##Ages
Not suitable for children under 6 years old

## Duration
2 Hours

## About

Ragamuffin 111, is well known for her involvement in the Sydney to Hobart Race and other ocean races. If you love sailing, this vessel will not disappoint. She boasts an impressive, spacious saloon & generous deck space for maximum of 10 guests comfortably.
There is a toilet on board.

Relax, enjoy the beautiful scenery & the 'peace & quiet' of Ragamuffin 111 under sail or get amongst the sailing action and jump behind the helm.

There is a toilet on board.

## What to Bring

• Your happy spirit 
• Bring your own beverages and nibbles in a small cooler bag or esky","Please arrive 20 mins prior to tour time. 

We look forward to meeting you all at 4:20 pm at Breakwater Marina, Mariners Drive(right at the end at the fuel wharf). 

Parking is private in the marina facility. Please park on the Strand or closeby which is limited so give yourself plenty of time.You are welcome to drop of your heavier items if needed to the Fuel Office area.

Bring Your Own beverages and nibbles are welcome in a small cooler bag or esky. 

Please wear comfortable clothing and we prefer you to wear white soled closed in shoes or barefeet, so wear shoes that are easy to be removed.","Sail onboard a yacht with a colourful history of racing.

Ragamuffin 111, is well known for her involvement in the Sydney to Hobart Race and other ocean races. If you love sailing, this vessel will not disappoint. She boasts an impressive, spacious saloon & generous deck space for maximum of 10 guests comfortably.
There is a toilet on board.

Relax, enjoy the beautiful scenery & the 'peace & quiet' of Ragamuffin 111 under sail or get amongst the sailing action and jump behind the helm.",,,,,,"Your happy spirit
Bring your own beverages and nibbles in a small cooler bag or esky",2 Hours,Not suitable for children under 6 years old,,,,,,,,"Bring Your Own beverages and nibbles are welcome in a small cooler bag or esky.
Please wear comfortable clothing and we prefer you to wear white soled closed in shoes or barefeet, so wear shoes that are easy to be removed.",,,"Breakwater Marina, Mariners Drive(right at the end at the fuel wharf).
Parking is private in the marina facility. Please park on the Strand or closeby which is limited so give yourself plenty of time.",You are welcome to drop of your heavier items if needed to the Fuel Office area.,"Please arrive 20 mins prior to tour time.
4:20 pm",,,,,,,
562949,,"#Yandama On Country

##Duration
3 Hours

##About
Yandama On Country welcomes you for a gentle, immersive Aboriginal cultural tour around the
picturesque Jiguma Track situated on Thaua Country in Pambula Beach New South Wales. Join your local
Indigenous tour guide Nathan Lygon to gain an understanding about the rich cultural history of the local
and surrounding areas. Your experience begins with an intimate smoking ceremony welcoming you onto
Country. As you are then guided through Country, hear stories relating to plants, animals and the
connection Aboriginal people have with the land. Learn about local ecologies, traditional foods and
medicines, Cultural land management and more. After your walk, indulge in a spread of quality
Indigenous inspired refreshments followed by an interactive Aboriginal artefact display, talk and touch.
This is an excellent tour option for those wanting to slow down, relax, feel grounded and connect with
nature.

- Take part in an intimate smoking ceremony on the beach, welcoming you onto Country
- Gentle, immersive guided walk
- Indigenous inspired refreshments
- Artefact display, talk and touch
- Yarning reflection on your Cultural experience
- Experience ends and you will be shuttled you back to lifesaving club carpark

###More Info
- 1.1km walking track
- Unfortunately not wheelchair accessible
- Toilets accessible on each end of the walk
- Dietary requirements catered to
- Family friendly","###What to bring
- Water bottle 
- Weather appropriate clothing 
- Suitable footwear","Yandama On Country welcomes you for a gentle, immersive Aboriginal cultural tour around the picturesque Jiguma Track situated on Thaua Country in Pambula Beach New South Wales. Join your local Indigenous tour guide Nathan Lygon to gain an understanding about the rich cultural history of the local and surrounding areas. Your experience begins with an intimate smoking ceremony welcoming you onto Country. As you are then guided through Country, hear stories relating to plants, animals and the connection Aboriginal people have with the land. Learn about local ecologies, traditional foods and medicines, Cultural land management and more. After your walk, indulge in a spread of quality Indigenous inspired refreshments followed by an interactive Aboriginal artefact display, talk and touch. This is an excellent tour option for those wanting to slow down, relax, feel grounded and connect with nature.

- Take part in an intimate smoking ceremony on the beach, welcoming you onto Country
- Gentle, immersive guided walk
- Indigenous inspired refreshments
- Artefact display, talk and touch
- Yarning reflection on your Cultural experience
- Experience ends and you will be shuttled you back to lifesaving club carpark

- 1.1km walking track
- Toilets accessible on each end of the walk
- Dietary requirements catered to
- Family friendly",,,,,,,3 Hours,Unfortunately not wheelchair accessible,,,,,,,,"Water bottle
Weather appropriate clothing
Suitable footwear",,,,,,,,,,,,
459312,,"description: #Improve your riding with an Experienced Coach in a Group 

##Duration
1 Hour

##About
An intermediate rider has control at walk and trot and has begun to develop their position and balance, starting to canter. 
You can also bring your own horse. Please indicate in the comments section if you would like to bring your own horse. 

##Clothing Requirements 
Arion Riding Centre can supply helmets and riding boots if you do not have your own. An approved safety helmet is compulsory when riding and is recommended when children are handling ponies. Footwear must be suitable and safe, both for riding and when working around ponies. Jodhpur boots are ideal, or failing this, solid boots with a smooth sole and solid heel. Boots with cleated soles or shoes without heels are unsuitable. Long pants must be worn and tops must be suitable and at minimum cover the shoulders. Singlets or shorts are not permitted.","By booking this lesson you are over the age of 18 years and have confirmed any personal details are correct. No personal information will be shared but will be kept on file for health and safety. If it is your first-time riding at Arion Riding Centre, you will need to fill out and sign [this form.](https://form.jotform.com/230227365961053)

We supply helmets and riding boots if you do not have your own.

Please arrive 15min before your lesson to help with tacking up your horse, checking your stirrup length and mounting your horse before your lesson time begins. 

Do you need to reschedule or cancel your appointment? Please contact us.

We look forward to seeing you at Arion Riding Centre","Improve your riding with an Experienced Coach in a Group

An intermediate rider has control at walk and trot and has begun to develop their position and balance, starting to canter.

You can also bring your own horse.

Arion Riding Centre can supply helmets and riding boots if you do not have your own.",,,,,,"Footwear must be suitable and safe, both for riding and when working around ponies.

Jodhpur boots are ideal, or failing this, solid boots with a smooth sole and solid heel.

Long pants must be worn and tops must be suitable and at minimum cover the shoulders.",1 Hour,"An approved safety helmet is compulsory when riding and is recommended when children are handling ponies.

Boots with cleated soles or shoes without heels are unsuitable.

Singlets or shorts are not permitted.",,,,,,,Please indicate in the comments section if you would like to bring your own horse.,,,We supply helmets and riding boots if you do not have your own.,,"to help with tacking up your horse, checking your stirrup length and mounting your horse before your lesson time begins.",Please arrive 15min before your lesson,,By booking this lesson you are over the age of 18 years and have confirmed any personal details are correct. No personal information will be shared but will be kept on file for health and safety.,Do you need to reschedule or cancel your appointment?,,"If it is your first-time riding at Arion Riding Centre, you will need to fill out and sign","[this form.](https://form.jotform.com/230227365961053)
Please contact us.",
529363,,"#Elevate your event with Sorrento – our vessel, your canvas for unforgettable moments! With a capacity of 118 passengers, we offer cruises, parties, weddings, and more. Book now, and let the scenic waterways be the backdrop to your celebration. Experience the extraordinary! 

##Duration
2-12 Hours private Hire

##About
Hire our Sorrento for your next event!

Please note that the Sorrento holds 118 Passengers

Try something new and different to entertain.

We do cruises, group lunch cruises, Christmas parties, birthday parties, weddings and group transfers.
Cruise the waterways or high-speed transfers to the Patonga, Hawkesbury River and Pittwater.
Bare boat hire, bring your drinks and nibblies on board while we take you on a scenic cruise with the picturesque waterways as your backdrop.
Strictly NO smoking on board, if you have smokers we can stop at any wharf for a short break if needed.
We can supply tables so you can set yourself up for the cruise.

##Cancellation Policy

A cancellation fee applies for all cancellations.
– Your deposit is non-refundable if you cancel your booking.
– If you cancel within 7 days of your booking, a fee of 50% of your total booking cost will be charged.
– If you cancel within 48 hours of your booking, a fee of 100% of your total booking cost will be charged.
– If your booking was cancelled by us, you receive a full credit of the monies paid.","Booking confirmation. Please check all dates, times and departure wharf is correct for your cruise. any questions please contact the ferry directly on 0418631313.

Please note that payments made for any outstanding balances will incur a 3% booking fee.","Elevate your event with Sorrento – our vessel, your canvas for unforgettable moments! With a capacity of 118 passengers, we offer cruises, parties, weddings, and more. Book now, and let the scenic waterways be the backdrop to your celebration. Experience the extraordinary!

Hire our Sorrento for your next event!

Please note that the Sorrento holds 118 Passengers

Try something new and different to entertain.

We do cruises, group lunch cruises, Christmas parties, birthday parties, weddings and group transfers.
Cruise the waterways or high-speed transfers to the Patonga, Hawkesbury River and Pittwater.
Bare boat hire, bring your drinks and nibblies on board while we take you on a scenic cruise with the picturesque waterways as your backdrop.
We can supply tables so you can set yourself up for the cruise.",,,,,,bring your drinks and nibblies,2-12 Hours private Hire,"Strictly NO smoking on board, if you have smokers we can stop at any wharf for a short break if needed.","A cancellation fee applies for all cancellations.
– Your deposit is non-refundable if you cancel your booking.
– If you cancel within 7 days of your booking, a fee of 50% of your total booking cost will be charged.
– If you cancel within 48 hours of your booking, a fee of 100% of your total booking cost will be charged.
– If your booking was cancelled by us, you receive a full credit of the monies paid.",,,,,,,,,,,,"Please check all dates, times and departure wharf is correct for your cruise.",,,,,,any questions please contact the ferry directly on 0418631313.,"Booking confirmation.

Please note that payments made for any outstanding balances will incur a 3% booking fee."
625744,,"duration: 30 minutes
meeting_point: 890 Mcleans Island Road, Christchurch
min_age: 8
group_size: 1
description: Assessment lessons are for new clients of any ability. These lessons asses your basic riding skills. You will need to arrive 15min before the lesson begins to fit your boots and helmet (we provide these if you do not have your own). 

##Clothing Requirements 
Arion Riding Centre can supply helmets and riding boots if you do not have your own. An approved safety helmet is compulsory when riding and is recommended when children are handling ponies. Footwear must be suitable and safe, both for riding and when working around ponies. Jodhpur boots are ideal, or failing this, solid boots with a smooth sole and solid heel. Boots with cleated soles or shoes without heels are unsuitable. Long pants must be worn and tops must be suitable and at minimum cover the shoulders. Singlets or shorts are not permitted.
what_is_included: ##Duration
30 Min

##About
New clients. 

- Half hour lessons
- For new clients for assessment","By booking this lesson you are over the age of 18 years and have confirmed any personal details are correct. No personal information will be shared but will be kept on file for health and safety. If it is your first-time riding at Arion Riding Centre, you will need to fill out and sign [this form.](https://form.jotform.com/230227365961053)

We supply helmets and riding boots if you do not have your own.

Please arrive 15min before your lesson to help with tacking up your horse, checking your stirrup length and mounting your horse before your lesson time begins. 

Do you need to reschedule or cancel your appointment? Please contact us.

We look forward to seeing you at Arion Riding Centre",Assessment lessons are for new clients of any ability. These lessons asses your basic riding skills. (we provide these if you do not have your own). Arion Riding Centre can supply helmets and riding boots if you do not have your own. New clients.,,,,,,"Jodhpur boots are ideal, or failing this, solid boots with a smooth sole and solid heel. Long pants must be worn and tops must be suitable and at minimum cover the shoulders.","30 minutes
30 Min","An approved safety helmet is compulsory when riding and is recommended when children are handling ponies. Footwear must be suitable and safe, both for riding and when working around ponies. Boots with cleated soles or shoes without heels are unsuitable. Singlets or shorts are not permitted.",,You will need to arrive 15min before the lesson begins to fit your boots and helmet,8,,1,"890 Mcleans Island Road, Christchurch",,,,We supply helmets and riding boots if you do not have your own.,,"to help with tacking up your horse, checking your stirrup length and mounting your horse before your lesson time begins.",Please arrive 15min before your lesson,,By booking this lesson you are over the age of 18 years and have confirmed any personal details are correct. No personal information will be shared but will be kept on file for health and safety.,Do you need to reschedule or cancel your appointment? Please contact us.,,"If it is your first-time riding at Arion Riding Centre, you will need to fill out and sign [this form.](https://form.jotform.com/230227365961053)",,
193447,,"description: #Enjoy a Tweed Escapes self-guided hire and drive pontoon boat adventure.

# Duration
**Half Day**: Four Hours 10am - 2pm
**Full Day**: Eight Hours 10am - 6pm

# About
Whether you are a Tweed Valley or Tweed Coast local, or a visitor, a day on the Tweed Rivers from the Coolangatta Tweed Golf Club, on our self-drive pontoon boat is a day that you will never forget.

Self-Guided Pontoon Boat Hire Features:

- Self Drive – no boat license required
- Stable 4 meter by 6-meter pontoon boat offering stability & safety for all ages.
- Licensed to carry up to 12 people
- The ultimate Tweed River swimming, relaxing & fishing platform.

Please arrive 15 minutes before booking for induction & safety briefing!
Government-issued ID must be provided via email to tweedescapes@gmail.com or photo at time of hire.
Pontoon boat departs from Coolangatta Tweed Golf Club, Soorley St, Tweed Heads South.
Watch this detailed induction video at https://www.youtube.com/watch?v=fgbOiXXn-Ag&t=1s for all the information you need to find the departure location, and operate the hire vessel. Just copy and paste the link into your browser https://www.youtube.com/watch?v=fgbOiXXn-Ag&t=1s
You can also view the video on our Facebook Page at https://www.facebook.com/TweedEscapes/posts/533637928780709
Troubleshooting tips included in video","Please arrive 15 minutes before booking for induction & safety briefing!
Government-issued ID must be provided via email to tweedescapes@gmail.com or photo at time of hire.
Pontoon boat departs from Coolangatta Tweed Golf Club, Soorley St, Tweed Heads South.
Watch this detailed induction video at https://www.youtube.com/watch?v=fgbOiXXn-Ag&t=1s for all the information you need to find the departure location, and operate the hire vessel. Just copy and paste the link into your browser https://www.youtube.com/watch?v=fgbOiXXn-Ag&t=1s
You can also view the video on our Facebook Page at https://www.facebook.com/TweedEscapes/posts/533637928780709
Troubleshooting tips included in video","Enjoy a Tweed Escapes self-guided hire and drive pontoon boat adventure.

Whether you are a Tweed Valley or Tweed Coast local, or a visitor, a day on the Tweed Rivers from the Coolangatta Tweed Golf Club, on our self-drive pontoon boat is a day that you will never forget.

Self-Guided Pontoon Boat Hire Features:

- Self Drive – no boat license required
- Stable 4 meter by 6-meter pontoon boat offering stability & safety for all ages.
- Licensed to carry up to 12 people
- The ultimate Tweed River swimming, relaxing & fishing platform.

Pontoon boat departs from Coolangatta Tweed Golf Club, Soorley St, Tweed Heads South.
Watch this detailed induction video at https://www.youtube.com/watch?v=fgbOiXXn-Ag&t=1s for all the information you need to find the departure location, and operate the hire vessel. Just copy and paste the link into your browser https://www.youtube.com/watch?v=fgbOiXXn-Ag&t=1s
You can also view the video on our Facebook Page at https://www.facebook.com/TweedEscapes/posts/533637928780709
Troubleshooting tips included in video",,,,,,,"Half Day: Four Hours 10am - 2pm
Full Day: Eight Hours 10am - 6pm",,,"Please arrive 15 minutes before booking for induction & safety briefing!
Government-issued ID must be provided via email to tweedescapes@gmail.com or photo at time of hire.",,,,,,,,,,for induction & safety briefing!,"Please arrive 15 minutes before booking!
Pontoon boat departs from Coolangatta Tweed Golf Club, Soorley St, Tweed Heads South.",,,,,,"Government-issued ID must be provided via email to tweedescapes@gmail.com or photo at time of hire.
Watch this detailed induction video at https://www.youtube.com/watch?v=fgbOiXXn-Ag&t=1s for all the information you need to find the departure location, and operate the hire vessel. Just copy and paste the link into your browser https://www.youtube.com/watch?v=fgbOiXXn-Ag&t=1s
You can also view the video on our Facebook Page at https://www.facebook.com/TweedEscapes/posts/533637928780709",Troubleshooting tips included in video
515893,,"meeting_point: Omanawa Falls & Mt Maunganui, New Zealand
description: #About
Frequently referred to as one of New Zealand's most spectacular destinations, Omanawa Falls is situated in the stunning Kaimai ranges. At its heart featuring a breathtaking 35m waterfall cascading into a pristine pool surrounded by lush New Zealand native rainforest. Kaitiaki Adventures will lead you on an unparalleled, culturally integral, and historic guided walk that immerses you in the rich cultural history of the Ngati Hangarau people. A regenerative tourism experience in the unique cultural space of Omanawa Falls.

#Duration
2.5 Hours

#More

Join our friendly, knowledgeable local guides through the beautiful trails to 2 lookouts, the Māori carvings, the century old hydro electric power station service tunnel and the breathtaking Omanawa falls. Departing Omanawa falls follows a visit to McLaren Falls and Tauranga's best view point the Minden Lookout.

Immerse yourself in the surrounding flora and fauna while listening to the stories of the area, the Awa (River), and the cultural values of mana whenua.","#Are You Ready for Action?!

#Please check in online before arrival! 
You will receive a check in email - please watch out for it!

### General:
If you have a pre-paid Voucher - Bring that with you!

###What to Bring:

***Omanawa Falls - Heritage Trail***

- Sturdy Walking Shoes
- Activewear
- An Adventurous Attitude
- Sunscreen (Summer) & Cap or Hat
###Where to meet:
- Meeting point for the Katiaki Adventures Shuttle Bus corner of Salisbury Ave & The Mall, The port of Tauranga. 
***Please note that the bus will be leaving from the meeting point approximately 10 - 10:30am.***

*Eftpos, All major credit cards & WeChat Pay available*

*If you have any questions, please feel free to text us on +64 27 598 9605*","Frequently referred to as one of New Zealand's most spectacular destinations, Omanawa Falls is situated in the stunning Kaimai ranges. At its heart featuring a breathtaking 35m waterfall cascading into a pristine pool surrounded by lush New Zealand native rainforest. Kaitiaki Adventures will lead you on an unparalleled, culturally integral, and historic guided walk that immerses you in the rich cultural history of the Ngati Hangarau people. A regenerative tourism experience in the unique cultural space of Omanawa Falls.

Join our friendly, knowledgeable local guides through the beautiful trails to 2 lookouts, the Māori carvings, the century old hydro electric power station service tunnel and the breathtaking Omanawa falls. Departing Omanawa falls follows a visit to McLaren Falls and Tauranga's best view point the Minden Lookout.

Immerse yourself in the surrounding flora and fauna while listening to the stories of the area, the Awa (River), and the cultural values of mana whenua.",,,,,,,2.5 Hours,,,,,,,"Omanawa Falls & Mt Maunganui, New Zealand",,"If you have a pre-paid Voucher - Bring that with you!
- Sturdy Walking Shoes
- Activewear
- An Adventurous Attitude
- Sunscreen (Summer) & Cap or Hat",,,"Meeting point for the Katiaki Adventures Shuttle Bus corner of Salisbury Ave & The Mall, The port of Tauranga.",,"Please check in online before arrival!
You will receive a check in email - please watch out for it!
Please note that the bus will be leaving from the meeting point approximately 10 - 10:30am.",,,,,,"If you have any questions, please feel free to text us on +64 27 598 9605","Omanawa Falls - Heritage Trail
Eftpos, All major credit cards & WeChat Pay available"
404140,,"duration: 2 hours 
meeting_point: North Lakes Aquatic Centre
group_size: Up to 30 Guests
pricing: $15 per guest
description: #Celebrate your Birthday with a Splash.....

Whether you’re 5 or 15, nothing says “party” quite like a pool party!

Hosting your child’s next party at our pool can be an inexpensive and fun way to celebrate their birthday. The kids will be entertained by swimming with their friends, it keeps them active and it’s a no-fuss set up for you.

We can’t wait to entertain your kids and their friends for their next birthday party at North Lakes Aquatic Centre! Decorate your own party area, bring in as much food and drinks as you need for yourself and the kids.

what_is_included: - Includes pool entry
- Area Hire
- 2 x shade tents
- 1 x tables
- 10 x chairs","We are excited to welcome you for your event celebration with us. A few important reminders for you & your guests; 

- Bring swimwear, sun-hat, sun screen & towel
- Please read our important safety & entry information 
- If you are reserving a group area you are welcome to decorate as you wish, we ask you tidy you are before leaving

Please contact the centre as soon as possible if you need to make any amendments to your booking. You are able to add on & pay for additional guests on the day if required.

- Any groups hiring BBQ’s please bring your own utensils 
- We are able to refrigerate cakes for pre booked birthday parties only if confirmed in advance

##What's included:
Includes pool entry
Area Hire
2 x shade tents
1 x tables
10 x chairs

**Due to health and safety 1 x adult needs to be in pool while the inflatable is on**","#Celebrate your Birthday with a Splash.....

Whether you’re 5 or 15, nothing says “party” quite like a pool party!

Hosting your child’s next party at our pool can be an inexpensive and fun way to celebrate their birthday. The kids will be entertained by swimming with their friends, it keeps them active and it’s a no-fuss set up for you.

We can’t wait to entertain your kids and their friends for their next birthday party at North Lakes Aquatic Centre! Decorate your own party area, bring in as much food and drinks as you need for yourself and the kids.",,"- Includes pool entry
- Area Hire
- 2 x shade tents
- 1 x tables
- 10 x chairs",,,,,2 hours,,,,,,Up to 30 Guests,North Lakes Aquatic Centre,$15 per guest,"Bring swimwear, sun-hat, sun screen & towel",Any groups hiring BBQ’s please bring your own utensils,"Includes pool entry
Area Hire
2 x shade tents
1 x tables
10 x chairs
We are able to refrigerate cakes for pre booked birthday parties only if confirmed in advance",,,,,Due to health and safety 1 x adult needs to be in pool while the inflatable is on,,,Please read our important safety & entry information,Please contact the centre as soon as possible if you need to make any amendments to your booking.,"A few important reminders for you & your guests;
If you are reserving a group area you are welcome to decorate as you wish, we ask you tidy you are before leaving
You are able to add on & pay for additional guests on the day if required."
637762,,"duration: 2 days/1 night
meeting_point: Doubtful Sound
pricing: Price may differ due to seasonality 
description: - Nature Guide to provide commentary, assist with wildlife spotting, and host kayaking and tender craft activities (weather dependant) 
- Three-course buffet dinner plus a cooked and continental breakfast prepared by our on-board chef
- Scenic cruise across Lake Manapouri and a coach trip over the beautiful Wilmot Pass
- Comfortable return coach transfers from Queenstown
what_is_included: - Prices displayed are for the next available departure. 
- Child rates apply for 2 - 15 years. Children must be accompanied by an adult, including in their room overnight.
- Infants (0 - 23 months) carried free if sleeping in a cot, otherwise child rates apply. Cots only in twin cabins. Passengers to provide own cot, unless by prior arrangement.
- Single passengers must pay sole occupancy rates for a twin-share/double share cabin.
- Please note: if you are wanting to book one child and one adult into a twin share room you will need to call to book - 0800 656 501","##If joining this tour from our Visitor Centre, please check-in 20 minutes before your departure.

**Please note** that parking in Queenstown town centre is limited. You will need to allow additional time to find parking for your vehicle before boarding. We advise 30 minutes. There are parking lots available on Man Street and Church Street and free, limited parking down the Lake Esplanade.

##What to Bring: 
• Non-slip shoes/ boots 
• Waterproof jacket 
• Warm sweater/fleece jacket
• Sunscreen/sunglasses 
• Insect repellent 
• Swimwear (optional) 
• Camera 
• Overnight bag only
• Personal medication including for asthma and allergies
• If booking includes an Infant, guests must provide their own car seat
Drinks and snacks available for purchase (we are cashless onboard)","- Nature Guide to provide commentary, assist with wildlife spotting, and host kayaking and tender craft activities (weather dependant)
- Three-course buffet dinner plus a cooked and continental breakfast prepared by our on-board chef
- Scenic cruise across Lake Manapouri and a coach trip over the beautiful Wilmot Pass
- Comfortable return coach transfers from Queenstown",,,,,,"Passengers to provide own cot, unless by prior arrangement.",2 days/1 night,"Children must be accompanied by an adult, including in their room overnight.
Cots only in twin cabins.",,,,,,Doubtful Sound,"Price may differ due to seasonality
- Prices displayed are for the next available departure.
- Child rates apply for 2 - 15 years.
- Infants (0 - 23 months) carried free if sleeping in a cot, otherwise child rates apply.
- Single passengers must pay sole occupancy rates for a twin-share/double share cabin.
- Please note: if you are wanting to book one child and one adult into a twin share room you will need to call to book - 0800 656 501","• Non-slip shoes/ boots
• Waterproof jacket
• Warm sweater/fleece jacket
• Sunscreen/sunglasses
• Insect repellent
• Swimwear (optional)
• Camera
• Overnight bag only
• Personal medication including for asthma and allergies
• If booking includes an Infant, guests must provide their own car seat",,,"If joining this tour from our Visitor Centre
Please note that parking in Queenstown town centre is limited. There are parking lots available on Man Street and Church Street and free, limited parking down the Lake Esplanade.",please check-in,"20 minutes before your departure.
You will need to allow additional time to find parking for your vehicle before boarding. We advise 30 minutes.",,,,,,,Drinks and snacks available for purchase (we are cashless onboard)
716074,,"duration: 24 hrs
min_age: 8
max_age: 90
group_size: 10
description: Snorkelling is a fun, relaxing and exciting activity that allows you to become a part of a fascinating underwater world. Each snorkelling experience provides opportunities to explore, learn and grow as you as you begin to understand the complex relationships occurring in the marine ecosystems encountered. 

ACWA’s team will set you up with high quality equipment and expert local advice. As such, you will have the confidence to explore the Jervis Bay Marine Park conformably at your own pace. We provide helpful tips, resources and on-going support to ensure you have a successful self-guided snorkelling adventure. 
itinerary: - Contact ACWA and advise staff your size for wetsuits and fins

- Pick up equipment from ACWA staff where you will be given a demonstration on how to use it and tips on some of our favourite snorkelling sites

- Drop off equipment after snorkelling

(Pick up and drop off site will be advised over the phone)
highlights: Snorkelling equipment hire is an ideal option for the self-sufficient traveller or group. The hire option removes the need to carry excess equipment whilst travelling and lets you explore at your own pace. With a few helpful tips and a sense of adventure you can explore the abundant underwater environment of the South Coast in your own time with the assistance of an expert local guide at your finger tips.
check_in_details: Once equipment hire has been confirmed we will contact you to provide a pick up/drop off location.
restrictions: Wetsuit sizes range from Children's size 12- Adult 5XL 
Fins sizes range from 1-15 

extras: Equipment is also available for purchase",Thank you for hiring our snorkelling equipment. Please call or email Scott on 0439 421 986 or info@acwadventures.com to arrange pick up.,"Snorkelling is a fun, relaxing and exciting activity that allows you to become a part of a fascinating underwater world. Each snorkelling experience provides opportunities to explore, learn and grow as you as you begin to understand the complex relationships occurring in the marine ecosystems encountered.

ACWA’s team will set you up with high quality equipment and expert local advice. As such, you will have the confidence to explore the Jervis Bay Marine Park conformably at your own pace. We provide helpful tips, resources and on-going support to ensure you have a successful self-guided snorkelling adventure.

- Contact ACWA and advise staff your size for wetsuits and fins

- Pick up equipment from ACWA staff where you will be given a demonstration on how to use it and tips on some of our favourite snorkelling sites

- Drop off equipment after snorkelling

(Pick up and drop off site will be advised over the phone)",Snorkelling equipment hire is an ideal option for the self-sufficient traveller or group. The hire option removes the need to carry excess equipment whilst travelling and lets you explore at your own pace. With a few helpful tips and a sense of adventure you can explore the abundant underwater environment of the South Coast in your own time with the assistance of an expert local guide at your finger tips.,,Equipment is also available for purchase,,,,24 hrs,"Wetsuit sizes range from Children's size 12- Adult 5XL 
Fins sizes range from 1-15",,Once equipment hire has been confirmed we will contact you to provide a pick up/drop off location.,8,90,10,,,,,,,,,,,,,,Please call or email Scott on 0439 421 986 or info@acwadventures.com to arrange pick up.,
556466,,"##ULITIMATE SURF EXPERIENCE WITH KEELY ANDREW 
**Age 8+**
__________________________________
## Rate

*1 person*
1 lesson: $115
2 lessons: $220
3 lessons: $315

*2 people*
1 lesson: $200
2 lessons: $340
3 lessons: $480
___________________________________

## Duration

1hr sessions
___________________________________

## About

**BEGINNER, INTERMEDIATE TO ADVANCED LESSONS**

Beginner Surfers: Keely will cover all the basics from warm-up, paddling, catching waves, standing and surf safety skills

Intermediate surfers: Keely will focus on advanced skills like reading the surf conditions, line-up navigation and advanced manoeuvres

Advanced surfers: Keely will focus on the performance and correct technique of advanced manoeuvres.
___________________________________

## Itinerary

- 1 hr sessions
- Keely will customise the lesson to suit your needs
- Relaxed, supportive vibe
- Professional and well-organised
- Massive fun
___________________________________

## What to Bring##

- Surfboard
- Sunscreen
- Drinking water
___________________________________
## Inclusions##
We will provide you with the following when you arrive for your lesson:

- Surfboard if required
- Rash Shirt
- Wetsuit 
- Sunscreen
- Professional Instruction from Keely Andrew
___________________________________

##All Bookings are Subject to Keely's availability##

##Location##

Tickle Park, Coolum Beach

Please note: If conditions are deemed unsafe lessons will be moved to Mooloolaba or Maroochydore Main Beach.","## Itinerary

- 1hr session
- Allow Keely to Support and Coach your Surfing needs
- Relaxed, supportive vibe
- Massive fun
___________________________________
## What to Bring

-Surfboard
- Swimwear
- Towel
- Sunscreen
- Drinking water
___________________________________
## Inclusions
We will provide you with the following when you arrive for your lesson:

- Surfboard if required
- Wetsuit
- Rash Shirt
- Sunscreen
- Professional Instruction from Keely Andrew
___________________________________

##All Bookings are Subject to Keely's availability##

##Location##

Tickle Park, Coolum Beach

Please note: If conditions are deemed unsafe lessons will be moved to Mooloolaba or Maroochydore Main Beach.","##ULITIMATE SURF EXPERIENCE WITH KEELY ANDREW

**BEGINNER, INTERMEDIATE TO ADVANCED LESSONS**

Beginner Surfers: Keely will cover all the basics from warm-up, paddling, catching waves, standing and surf safety skills

Intermediate surfers: Keely will focus on advanced skills like reading the surf conditions, line-up navigation and advanced manoeuvres

Advanced surfers: Keely will focus on the performance and correct technique of advanced manoeuvres.

- 1 hr sessions
- Keely will customise the lesson to suit your needs
- Relaxed, supportive vibe
- Professional and well-organised
- Massive fun

- Surfboard if required

Tickle Park, Coolum Beach

Please note: If conditions are deemed unsafe lessons will be moved to Mooloolaba or Maroochydore Main Beach.",,"- Rash Shirt
- Wetsuit 
- Sunscreen
- Professional Instruction from Keely Andrew",,,,"- Surfboard
- Sunscreen
- Drinking water",1hr sessions,Age 8+,,,,,,,"*1 person*
1 lesson: $115
2 lessons: $220
3 lessons: $315

*2 people*
1 lesson: $200
2 lessons: $340
3 lessons: $480

All Bookings are Subject to Keely's availability","-Surfboard
- Swimwear
- Towel
- Sunscreen
- Drinking water",,"We will provide you with the following when you arrive for your lesson:

- Surfboard if required
- Wetsuit
- Rash Shirt
- Sunscreen
- Professional Instruction from Keely Andrew","Tickle Park, Coolum Beach

Please note: If conditions are deemed unsafe lessons will be moved to Mooloolaba or Maroochydore Main Beach.",,,"- 1hr session
- Allow Keely to Support and Coach your Surfing needs
- Relaxed, supportive vibe
- Massive fun",,,,,,All Bookings are Subject to Keely's availability
469759,,"#Welcome to The FLUID Project! The ultimate creative space to re-awaken your inner child!

##Duration 
1.5 - 2 hours

##About 
Our guided fluid art workshops are available 7 days a week - perfect for your big birthday bash, hens nights, corporate team bonding, or more! If you need a custom event type or more people to attend, please don't hesitate to let us know. We are able to cater for up to 40 people with notice! 

##More info 
The FLUID Project is Australia's newest EPIC creative experience. Nestled in a concrete warehouse, we have built a space to allow you to unleash your creativity and express your emotions on our variety of mediums. Popularised on TikTok and Instagram, and perfect for your next date day/night, come and share a connective and immersive experience with that special someone or share a fun memorable experience with your family or your friends. The FLUID Project is all about creativity, connectivity and community! Come and see what the hype is about as you paint your own Fluid Bear or Canvas. 

##What to bring 
We cover you with an apron, but you may get a little messy! Don't wear your super nice clothes and shoes. We recommend keeping it casual with no droopy long sleeves.

##Want to pay with cash?
If cash is king for you and you'd like to pay in cash, please contact us and we will book you in for a cash session! $30 deposit per person applies, you can pay over the phone.",Your booking is confirmed! We look forward to having your group party with us. Make sure to not wear your best clothes are there is a chance that it may get painted. Avoid long sleeves and show up with a big smile ready to have a good time!,"#Welcome to The FLUID Project! The ultimate creative space to re-awaken your inner child!

Our guided fluid art workshops are available 7 days a week - perfect for your big birthday bash, hens nights, corporate team bonding, or more! If you need a custom event type or more people to attend, please don't hesitate to let us know. We are able to cater for up to 40 people with notice!

The FLUID Project is Australia's newest EPIC creative experience. Nestled in a concrete warehouse, we have built a space to allow you to unleash your creativity and express your emotions on our variety of mediums. Popularised on TikTok and Instagram, and perfect for your next date day/night, come and share a connective and immersive experience with that special someone or share a fun memorable experience with your family or your friends. The FLUID Project is all about creativity, connectivity and community! Come and see what the hype is about as you paint your own Fluid Bear or Canvas.",,,,,,"We cover you with an apron, but you may get a little messy! Don't wear your super nice clothes and shoes. We recommend keeping it casual with no droopy long sleeves.",1.5 - 2 hours,,,,,,,,"If cash is king for you and you'd like to pay in cash, please contact us and we will book you in for a cash session! $30 deposit per person applies, you can pay over the phone.",,"Make sure to not wear your best clothes are there is a chance that it may get painted.
Avoid long sleeves",,,show up with a big smile ready to have a good time!,,,,,,,,Your booking is confirmed!
74565,,"description: #Cellar Door & Lunch Tour 

Private Flight
2 guests - A$440 per person
3-5 guests - A$390 per person

##Duration:

Up to 5 1/2 hours

##Package Inclusions:
Our most popular (and highly exclusive package, the Cellar Door and Lunch Tour gives you red carpet treatment, with that superstar ‘Door to Door’ experience. Combine your love of award winning wines, local gourmet cuisine and the thrill of experiencing almost every square inch of the Hunter Valley in your private Helicopter. A must see and do experience for visitors to the Wine Region.

- VIP helicopter pick up and return from your local accommodation or Cessnock Airport
- Scenic Flight en route to your private wine tasting and lunch venues
- Private wine tasting at a highly recommended Hunter Valley winery
- A-la-carte lunch and glass of wine at premium local restaurant (see recommendations)
- Opportunity to further wine taste and purchase take home items

##Restrictions 
- Maximum individual weight allowed is 135KG (we re-weigh all passengers on the day).
- Maximum combined weight limits apply on flights of 3 or more passengers.
- Passengers must notify staff if they have been scuba diving in the past 24 hours.
- No selfie sticks allowed on or around helicopter.","#BOOKING CONFIRMATION:

All flights depart from our base at Cessnock Airport: 455 Wine Country Drive, Pokolbin NSW 2320
Pick ups from local accommodation can be arranged prior to day of departure for extra costs. 

Contact us if you have any questions or special requests. We look forward to flying with you.
Sincerely,

**Aero Logistics Hunter Valley**

#Restrictions 
- Maximum individual weight allowed is 135KG
- Maximum combined weight limits apply on flights of 3 or more passengers
- Passengers must notify staff if they have been scuba diving in the past 24 hours
- No selfie sticks allowed on or around helicopter","Cellar Door & Lunch Tour
Our most popular (and highly exclusive package, the Cellar Door and Lunch Tour gives you red carpet treatment, with that superstar ‘Door to Door’ experience. Combine your love of award winning wines, local gourmet cuisine and the thrill of experiencing almost every square inch of the Hunter Valley in your private Helicopter. A must see and do experience for visitors to the Wine Region.
Opportunity to further wine taste and purchase take home items",,"VIP helicopter pick up and return from your local accommodation or Cessnock Airport
Scenic Flight en route to your private wine tasting and lunch venues
Private wine tasting at a highly recommended Hunter Valley winery
A-la-carte lunch and glass of wine at premium local restaurant (see recommendations)",,,,,Up to 5 1/2 hours,"Maximum individual weight allowed is 135KG (we re-weigh all passengers on the day).
Maximum combined weight limits apply on flights of 3 or more passengers.
Passengers must notify staff if they have been scuba diving in the past 24 hours.
No selfie sticks allowed on or around helicopter.",,,,,,,"Private Flight
2 guests - A$440 per person
3-5 guests - A$390 per person",,No selfie sticks allowed on or around helicopter,,"455 Wine Country Drive, Pokolbin NSW 2320",,"All flights depart from our base at Cessnock Airport:
Pick ups from local accommodation can be arranged prior to day of departure for extra costs.",,"- Maximum individual weight allowed is 135KG
- Maximum combined weight limits apply on flights of 3 or more passengers
- Passengers must notify staff if they have been scuba diving in the past 24 hours",,,,Contact us if you have any questions or special requests.,
709179,,"duration: 4 Hrs
meeting_point: Tingira St Boat Ramp, Cairns (ample parking available)
group_size: 1 to 4
accessibility: Not wheelchair accessible. Please contact prior to booking if you have mobility concerns.
description: Explore the coastal and inshore wrecks ,wonkies and reef systems just off Cairns on this exciting 4-hour private charter. This adventure combines tropical scenery with hands-on fishing action in productive reef environments.

Your skipper selects the most suitable fishing grounds based on daily conditions. All fishing gear, bait and expert guidance are included.

Suitable for beginners and experienced anglers of all ages.
itinerary: Arrive 15 minutes prior to departure

Safety briefing and trip overview

Depart for selected fishing grounds based on conditions

Guided fishing experience with expert instruction

Return to departure point at conclusion of charter
highlights: Private charter exclusively for your group

Experienced local skipper

Suitable for beginners and experienced anglers

Flexible fishing locations chosen for best conditions

Tropical estuary and reef environments
check_in_details: Please arrive 15 minutes before departure. Late arrival may reduce fishing time.
special_requirements: Children must be supervised by a responsible adult at all times.
restrictions: Guests must be physically capable of boarding and moving safely on a boat.
disclaimers: Fishing locations and departure times may be modified due to weather and sea conditions. The operator reserves the right to alter the itinerary to ensure safety.","Meeting Point:
Tingira St Boat Ramp, Cairns (ample parking available)

Please arrive 15 minutes prior to departure for check-in and safety briefing.

Your experienced skipper will provide all fishing equipment, bait and safety gear. Trips operate in tropical marine environments and departure locations or fishing areas may be adjusted based on weather and sea conditions to ensure the safest and most enjoyable experience.

If weather conditions are deemed unsafe, the operator will contact you directly to reschedule.

We recommend bringing sun protection and any personal snacks or additional drinks.

We look forward to welcoming you on board.","Explore the coastal and inshore wrecks ,wonkies and reef systems just off Cairns on this exciting 4-hour private charter. This adventure combines tropical scenery with hands-on fishing action in productive reef environments.

Your skipper selects the most suitable fishing grounds based on daily conditions. All fishing gear, bait and expert guidance are included.

Suitable for beginners and experienced anglers of all ages.

Arrive 15 minutes prior to departure

Safety briefing and trip overview

Depart for selected fishing grounds based on conditions

Guided fishing experience with expert instruction

Return to departure point at conclusion of charter","Private charter exclusively for your group

Experienced local skipper

Suitable for beginners and experienced anglers

Flexible fishing locations chosen for best conditions

Tropical estuary and reef environments",,,,,,4 Hrs,"Not wheelchair accessible. Please contact prior to booking if you have mobility concerns.

Children must be supervised by a responsible adult at all times.

Guests must be physically capable of boarding and moving safely on a boat.",,Please arrive 15 minutes before departure. Late arrival may reduce fishing time.,,,1 to 4,"Tingira St Boat Ramp, Cairns (ample parking available)",Fishing locations and departure times may be modified due to weather and sea conditions. The operator reserves the right to alter the itinerary to ensure safety.,We recommend bringing sun protection and any personal snacks or additional drinks.,,"Your experienced skipper will provide all fishing equipment, bait and safety gear.","Tingira St Boat Ramp, Cairns (ample parking available)",for check-in and safety briefing.,Please arrive 15 minutes prior to departure,,Trips operate in tropical marine environments and departure locations or fishing areas may be adjusted based on weather and sea conditions to ensure the safest and most enjoyable experience.,"If weather conditions are deemed unsafe, the operator will contact you directly to reschedule.",,,,
658838,,"meeting_point: Ballroom Cafe - Larnach Castle
description: ###Celebrate Dad in style with a feast fit for a king in the grandeur of our historic Grand Ballroom.

What’s on the menu: A lavish three-course buffet featuring warming soups with homemade bread, fresh salads, seasonal vegetables, succulent carvery meats, and a tempting range of hot and cold desserts. The bar will be open with a great selection of beverages available for purchase.

Cost: $79 per adult | $39 per child (ages 3 to 14 years) | Ages 2 and under free

Make this Father’s Day one to remember — gather the family, enjoy exceptional food, and soak up the Castle’s unique atmosphere.

Bookings essential – limited spaces available.","Thank you for booking our special Father's Day Buffet Dinner.

###What’s on the menu:
A lavish three-course buffet featuring warming soups with homemade bread, fresh salads, seasonal vegetables, succulent carvery meats, and a tempting range of hot and cold desserts. The bar will be open with a great selection of beverages available for purchase.

###Details for the night:
- Dinner starts at 6.30pm. 
- When you arrive, the main gates will be closed. Simply press the call bell button on the intercom to contact the Duty Manager who will open the gates for you remotely.
- Please use our main guest parking opposite the Castle and make your way to the Ballroom side entrance. Be sure to have this email handy as this will become your ticket for entry on the night.
- Please note you will not have access to the Ballroom prior to 6.30pm. 

*If you have any dietary requirements that you have not yet advised us of, please email these to reservations@larnachcastle.co.nz or call our team on 476 1616.*

We look forward to you dining with us at the Castle, and please do not hesitate to contact us with any queries.

To learn more about your visit to Larnach Castle, please [visit our website](https://www.larnachcastle.co.nz/visit/dinner-experience)","Celebrate Dad in style with a feast fit for a king in the grandeur of our historic Grand Ballroom.

What’s on the menu: A lavish three-course buffet featuring warming soups with homemade bread, fresh salads, seasonal vegetables, succulent carvery meats, and a tempting range of hot and cold desserts.

Make this Father’s Day one to remember — gather the family, enjoy exceptional food, and soak up the Castle’s unique atmosphere.",,,The bar will be open with a great selection of beverages available for purchase.,,,,,,,,,,,Ballroom Cafe - Larnach Castle,"Cost: $79 per adult | $39 per child (ages 3 to 14 years) | Ages 2 and under free

Bookings essential – limited spaces available.",,,"A lavish three-course buffet featuring warming soups with homemade bread, fresh salads, seasonal vegetables, succulent carvery meats, and a tempting range of hot and cold desserts.",Please use our main guest parking opposite the Castle and make your way to the Ballroom side entrance.,"When you arrive, the main gates will be closed. Simply press the call bell button on the intercom to contact the Duty Manager who will open the gates for you remotely.
Be sure to have this email handy as this will become your ticket for entry on the night.","Dinner starts at 6.30pm.
Please note you will not have access to the Ballroom prior to 6.30pm.",,,,,,"If you have any dietary requirements that you have not yet advised us of, please email these to reservations@larnachcastle.co.nz or call our team on 476 1616.
please do not hesitate to contact us with any queries.
To learn more about your visit to Larnach Castle, please visit our website
https://www.larnachcastle.co.nz/visit/dinner-experience",The bar will be open with a great selection of beverages available for purchase.
738691,,"duration: 3h
meeting_point: A votre résidence
group_size: 7 personnes
accessibility: Wheelchair non accessible
description: Profitez d'une fin de journée magique au Mont Tamborine avec un apéritif gourmand face au coucher du soleil. Installez-vous confortablement dans notre espace aménagé avec tapis, coussins et plaids tout en admirant les magnifiques panoramas de l'arrière-pays de la Gold Coast.
itinerary: 16h00 – Départ de la Gold Coast
Prise en charge à votre hébergement ou point de rendez-vous convenu.

17h00 – Arrivée au Mont Tamborine
Installation sur un point de vue panoramique soigneusement sélectionné offrant une vue exceptionnelle sur l'arrière-pays du Queensland.

17h15 – Apéritif gourmand
Profitez d'un moment de détente dans un espace aménagé avec tapis, coussins et plaids tout en dégustant votre apéritif composé de produits locaux, accompagné de vin et de boissons rafraîchissantes.

17h45 – Coucher de soleil
Admirez les couleurs spectaculaires du coucher de soleil sur les montagnes et la Gold Coast. Temps libre pour les photos et la détente.

18h30 – Derniers instants sur le site
Profitez de l'ambiance paisible de la fin de journée avant le retour.

19h00 – Retour vers la Gold Coast
Fin de l'expérience.
highlights: Coucher de soleil spectaculaire sur le Mont Tamborine

-Apéritif gourmand inclus
- Vin, boissons sans alcool et eau inclus
- Vues panoramiques exceptionnelles
- Installation confort avec tapis, coussins et plaids
- Transport depuis la Gold Coast
- Petit groupe limité à 7 participants
- Accompagnement en français
check_in_details: Groupe limité à 7 participants.
Confirmation envoyée par email après réservation.
Les lieux de prise en charge sur la Gold Coast seront confirmés après réservation.
Le contenu de l'apéritif peut varier selon la saison et la disponibilité des produits.
special_requirements: Les enfants de moins de 18 ans doivent être accompagnés d'un parent ou tuteur légal.
Merci de signaler toute allergie alimentaire lors de la réservation.
La consommation d'alcool est réservée aux personnes âgées de 18 ans et plus.
Les horaires peuvent varier légèrement selon l'heure du coucher du soleil.
restrictions: Non adapté aux poussettes.
Non recommandé aux personnes ayant d'importantes difficultés de mobilité.
Minimum 4 participants pour les départs partagés.",,"Profitez d'une fin de journée magique au Mont Tamborine avec un apéritif gourmand face au coucher du soleil. Installez-vous confortablement dans notre espace aménagé avec tapis, coussins et plaids tout en admirant les magnifiques panoramas de l'arrière-pays de la Gold Coast.","Coucher de soleil spectaculaire sur le Mont Tamborine

-Apéritif gourmand inclus
- Vin, boissons sans alcool et eau inclus
- Vues panoramiques exceptionnelles
- Installation confort avec tapis, coussins et plaids
- Transport depuis la Gold Coast
- Petit groupe limité à 7 participants
- Accompagnement en français",,,"16h00 – Départ de la Gold Coast
Prise en charge à votre hébergement ou point de rendez-vous convenu.

17h00 – Arrivée au Mont Tamborine
Installation sur un point de vue panoramique soigneusement sélectionné offrant une vue exceptionnelle sur l'arrière-pays du Queensland.

17h15 – Apéritif gourmand
Profitez d'un moment de détente dans un espace aménagé avec tapis, coussins et plaids tout en dégustant votre apéritif composé de produits locaux, accompagné de vin et de boissons rafraîchissantes.

17h45 – Coucher de soleil
Admirez les couleurs spectaculaires du coucher de soleil sur les montagnes et la Gold Coast. Temps libre pour les photos et la détente.

18h30 – Derniers instants sur le site
Profitez de l'ambiance paisible de la fin de journée avant le retour.

19h00 – Retour vers la Gold Coast
Fin de l'expérience.",,,3h,"Wheelchair non accessible
Les enfants de moins de 18 ans doivent être accompagnés d'un parent ou tuteur légal.
Merci de signaler toute allergie alimentaire lors de la réservation.
La consommation d'alcool est réservée aux personnes âgées de 18 ans et plus.
Les horaires peuvent varier légèrement selon l'heure du coucher du soleil.
Non adapté aux poussettes.
Non recommandé aux personnes ayant d'importantes difficultés de mobilité.
Minimum 4 participants pour les départs partagés.",,"Groupe limité à 7 participants.
Confirmation envoyée par email après réservation.
Les lieux de prise en charge sur la Gold Coast seront confirmés après réservation.
Le contenu de l'apéritif peut varier selon la saison et la disponibilité des produits.",,,7 personnes,A votre résidence,,,,,,,,,,,,,,
675102,,"duration: Approx. 4 hours
min_age: 18
max_age: 99
description: This relaxed afternoon tour offers a leisurely way to taste Marlborough’s world-class wines without a full-day commitment. With a 12:30 pm pickup you’ll visit four hand-picked cellar doors, sampling a selection of wines from crisp Sauvignon Blanc to elegant Pinot Noir. Platters can be pre-ordered for sharing, while a full lunch is not included. Expect to return between 4:00–4:30 pm, having discovered the flavours and style that make New Zealand’s most famous wine region so celebrated.
itinerary: 1. Pickup at 12:30 pm
2. Visit and tasting at cellar door 1
3. Visit and tasting at cellar door 2
4. Visit and tasting at cellar door 3
5. Visit and tasting at cellar door 4
6. Return between 4:00–4:30 pm
highlights: * Taste Marlborough’s signature Sauvignon Blanc and regional Pinot Noir
* Four curated cellar-door visits for a relaxed afternoon of discovery
* Option to pre-order sharing platters for a light bite alongside tastings
check_in_details: Pickup at 12:30 pm; meeting point provided at booking. Return to drop-off between 4:00–4:30 pm.
restrictions: Guests must be 18 or older to participate.
disclaimers: Platters are available by pre-order only and are not included in the standard tour price. Tour order and cellar-door visits may vary depending on availability. Return time is approximate and may vary with traffic.","##Itinerary
- Pick up in our minibus from your hotel / motel or centrally in Blenheim at 12.30pm for this Afternoon Wine Tour around Marlborough. Pick ups from outside Blenheim can be arranged.
- Travel through the scenic beauty of the Marlborough vineyards where internationally famous wineries produce their multi-award winning Sauvignon Blancs and Pinot Noirs and a wide range of other varietals.
- Tastings at 4 wineries of your choice or be guided by us to a selection of corporate wineries and boutique family run cellar doors.
- Platters can be pre-ordered if you’d like to enjoy a bite alongside your tastings, but a full lunch is not included—making this an easygoing option for travelers who’ve already had a meal or prefer a lighter experience.
- Return to Blenheim at about 4.30pm.","This relaxed afternoon tour offers a leisurely way to taste Marlborough’s world-class wines without a full-day commitment. With a 12:30 pm pickup you’ll visit four hand-picked cellar doors, sampling a selection of wines from crisp Sauvignon Blanc to elegant Pinot Noir. Expect to return between 4:00–4:30 pm, having discovered the flavours and style that make New Zealand’s most famous wine region so celebrated.","Taste Marlborough’s signature Sauvignon Blanc and regional Pinot Noir
Four curated cellar-door visits for a relaxed afternoon of discovery
Option to pre-order sharing platters for a light bite alongside tastings",,"Platters can be pre-ordered for sharing, while a full lunch is not included.
Platters are available by pre-order only and are not included in the standard tour price.","1. Pickup at 12:30 pm
2. Visit and tasting at cellar door 1
3. Visit and tasting at cellar door 2
4. Visit and tasting at cellar door 3
5. Visit and tasting at cellar door 4
6. Return between 4:00–4:30 pm",,,Approx. 4 hours,Guests must be 18 or older to participate.,,Pickup at 12:30 pm; meeting point provided at booking. Return to drop-off between 4:00–4:30 pm.,18,99,,,Tour order and cellar-door visits may vary depending on availability. Return time is approximate and may vary with traffic.,,,,,,Pick up in our minibus from your hotel / motel or centrally in Blenheim at 12.30pm for this Afternoon Wine Tour around Marlborough. Pick ups from outside Blenheim can be arranged.,"Travel through the scenic beauty of the Marlborough vineyards where internationally famous wineries produce their multi-award winning Sauvignon Blancs and Pinot Noirs and a wide range of other varietals.

Tastings at 4 wineries of your choice or be guided by us to a selection of corporate wineries and boutique family run cellar doors.

Return to Blenheim at about 4.30pm.",,,,,,"Platters can be pre-ordered if you’d like to enjoy a bite alongside your tastings, but a full lunch is not included—making this an easygoing option for travelers who’ve already had a meal or prefer a lighter experience."
382277,,"duration: Day Use and Multi-Day Use
meeting_point: Invercargill Airport, Invercargill
description: You can expect access to Valet Parking at Invercargill Airport, and Secure, Indoor Vehicle Storage
what_is_included: Valet Parking & Outdoor Storage includes Valet Parking in the Rental Car Car Park at Invercargill Airport for pick up and drop off, and Secure, Indoor Vehicle Storage on Airport Avenue. 

You can also add grooming options at the time of booking.
what_is_not_included: This booking option is recommended for short-term, casual storage requirements. We have membership and fleet options available for long-term or frequent storage. 

Members benefit from spare key storage, refuelling options, warrant of fitness and servicing arrangements, and more.
itinerary: 1. Park your vehicle in our dedicated valet car parks, located at the back left in the rental car park.
2. Drop your keys in the last-minute key drop sandwich board located at the departure gates.
3. Your car will be parked in our secure indoor storage facility at 77 Airport Avenue.
4. We will bring your vehicle to the drop-off zone when your flight lands and wait beside it with your keys.","Kia ora, 

Thanks for choosing Executive Car Service for your Airport Valet Parking and Car Storage requirements. 

Flying out from Invercargill Airport and wishing to take advantage of our Invercargill Airport Valet Parking?
1. Park your vehicle in our dedicated valet car parks (located in the Rental Car zone)
2. Drop your keys in our drop box
3. Your car will be parked in our secure, lock-up facility.
4. Your car will be returned to the valet car parks upon your return, and your keys waiting in the terminal.

Not flying, just wanting your vehicle securely stored?
1. Pull into 77 Airport Ave, Invercargill Airport (Executive Car Service, with the large green garage door).
2. a) See one of our friendly team if you're arriving during staffed hours or
2. b) Drop your keys in our drop box, located to the left of the main green roller door. 
3. Pop in and see the team when your storage period is up, OR contact us to discuss the out-of-hours collection (from 2:30 pm onwards usually).","You can expect access to Valet Parking at Invercargill Airport, and Secure, Indoor Vehicle Storage

You can also add grooming options at the time of booking.

This booking option is recommended for short-term, casual storage requirements.",,"Valet Parking & Outdoor Storage includes Valet Parking in the Rental Car Car Park at Invercargill Airport for pick up and drop off, and Secure, Indoor Vehicle Storage on Airport Avenue.",,"1. Park your vehicle in our dedicated valet car parks, located at the back left in the rental car park.
2. Drop your keys in the last-minute key drop sandwich board located at the departure gates.
3. Your car will be parked in our secure indoor storage facility at 77 Airport Avenue.
4. We will bring your vehicle to the drop-off zone when your flight lands and wait beside it with your keys.",,,Day Use and Multi-Day Use,,,,,,,"Invercargill Airport, Invercargill","We have membership and fleet options available for long-term or frequent storage.

Members benefit from spare key storage, refuelling options, warrant of fitness and servicing arrangements, and more.",,,"Your car will be parked in our secure, lock-up facility.","77 Airport Ave, Invercargill Airport (Executive Car Service, with the large green garage door).
Drop your keys in our drop box, located to the left of the main green roller door.","1. Park your vehicle in our dedicated valet car parks (located in the Rental Car zone)
2. Drop your keys in our drop box
2. a) See one of our friendly team if you're arriving during staffed hours or
2. b) Drop your keys in our drop box, located to the left of the main green roller door.
3. Pop in and see the team when your storage period is up",from 2:30 pm onwards usually,"4. Your car will be returned to the valet car parks upon your return, and your keys waiting in the terminal.",,,,,contact us to discuss the out-of-hours collection,"Flying out from Invercargill Airport and wishing to take advantage of our Invercargill Airport Valet Parking?
Not flying, just wanting your vehicle securely stored?"
691267,,"duration: 6 Hours
cancellation_summary: Free cancelation up to 7 days before
meeting_point: Reptile Encounters HQ, 2 Leslie Ct, Burwood VIC 
min_age: 14
accessibility: Designed for NDIS participants, with 1:1 support, sensory-friendly and supportive environment.
description: Our NDIS School Holiday Zookeeper Program gives young autistic people the chance to enjoy a calm and structured wildlife adventure these holidays. With dedicated 1:1 support, participants step into the shoes of a zookeeper, meeting amazing animals up close, trying out new skills and building confidence in a safe and engaging space. 

The program provides a supportive environment where every participant can relax, have fun and connect with wildlife in a way that feels just right for them.
what_is_included: - Up-close encounter with a range of native Australian wildlife. 

- Hands-on zookeeping tasks (feeding, enriching, training, caring for animals). 
Reptile Encounters
+1

- Certificate of participation. 

- Behind-the-scenes photos access.
what_is_not_included: - The price does not explicitly include any transport to/from the venue. (Not mentioned.)

- Personal support for tasks like bathroom use or mental-health support beyond general supervision — participants are expected to manage independently.
itinerary: 1. Arrival at HQ in Burwood (2 Leslie Ct) at 9:30 AM. 

2. Welcome briefing and introduction to staff / support worker. 

3. Learning session — facts about native Australian wildlife: habitat, lifestyles, care in captivity. 

4. Hands-on animal care: feeding, enrichment, cleaning/enclosure tasks, animal husbandry. 

5. Closing — certificate award and behind-the-scenes photos.
highlights: - Sensory-friendly and inclusive — tailored specifically for NDIS participants with autism, focusing on comfort, support and accessibility. 

- Real hands-on experience with a wide variety of native Australian animals — reptiles, birds, mammals, amphibians and more — offering a unique immersive wildlife encounter. 

- Certificate and behind-the-scenes photos offer mementos of the experience.
check_in_details: Check-in at 9:30 AM at Reptile Encounters HQ
what_to_bring: - Phone or camera to take photos. 

- Casual clothes suitable for messy work.

- Water bottle

- Lunch

- Snacks
special_requirements: Participants must be 14 yo or older, recipients of NDIS assistance, able to manage personal hygiene and any required mental-health supports independently.
restrictions: Not suitable for participants requiring assistance with bathroom use or extensive mental-health support during the session.",,"Our NDIS School Holiday Zookeeper Program gives young autistic people the chance to enjoy a calm and structured wildlife adventure these holidays. With dedicated 1:1 support, participants step into the shoes of a zookeeper, meeting amazing animals up close, trying out new skills and building confidence in a safe and engaging space.

The program provides a supportive environment where every participant can relax, have fun and connect with wildlife in a way that feels just right for them.

Reptile Encounters
+1","- Sensory-friendly and inclusive — tailored specifically for NDIS participants with autism, focusing on comfort, support and accessibility.

- Real hands-on experience with a wide variety of native Australian animals — reptiles, birds, mammals, amphibians and more — offering a unique immersive wildlife encounter.

- Certificate and behind-the-scenes photos offer mementos of the experience.","- Up-close encounter with a range of native Australian wildlife.

- Hands-on zookeeping tasks (feeding, enriching, training, caring for animals).

- Certificate of participation.

- Behind-the-scenes photos access.","- The price does not explicitly include any transport to/from the venue. (Not mentioned.)

- Personal support for tasks like bathroom use or mental-health support beyond general supervision — participants are expected to manage independently.","1. Arrival at HQ in Burwood (2 Leslie Ct) at 9:30 AM.

2. Welcome briefing and introduction to staff / support worker.

3. Learning session — facts about native Australian wildlife: habitat, lifestyles, care in captivity.

4. Hands-on animal care: feeding, enrichment, cleaning/enclosure tasks, animal husbandry.

5. Closing — certificate award and behind-the-scenes photos.",,"- Phone or camera to take photos.

- Casual clothes suitable for messy work.

- Water bottle

- Lunch

- Snacks",6 Hours,"Designed for NDIS participants, with 1:1 support, sensory-friendly and supportive environment.

Participants must be 14 yo or older, recipients of NDIS assistance, able to manage personal hygiene and any required mental-health supports independently.

Not suitable for participants requiring assistance with bathroom use or extensive mental-health support during the session.",Free cancelation up to 7 days before,Check-in at 9:30 AM at Reptile Encounters HQ,14,,,"Reptile Encounters HQ, 2 Leslie Ct, Burwood VIC",,,,,,,,,,,,,,
714769,,"duration: 90 Minutes (approx.)
cancellation_summary: Free cancellation up to 24 hours before departure.
meeting_point: South port Pier, Marine Parade, Southport QLD 4215
min_age: 6
group_size: Up to 10 guests - Up to 5 parasail flights per 90 minute session
accessibility: 
 Ages 6 - Need to be accompanied by an adult, 12+ can go unaccompanied 

Not wheelchair accessible
Participants must be able to board the vessel independently
description: Experience the thrill of parasailing high above the stunning Gold Coast coastline. Launch directly from our custom parasailing vessel and soar up to 400ft in the air, taking in panoramic views of Surfers Paradise, Main Beach and beyond. Safe, smooth and unforgettable, this is the ultimate way to see the Gold Coast from above.
itinerary: Check in at Southport Pier 20 minutes prior to departure.

Meet your crew and receive a full safety briefing.

Cruise through the Broadwater to the parasailing zone.

Take off directly from the back deck of the boat.

Soar up to 400ft above the Gold Coast coastline for an unforgettable flight.

Enjoy a smooth landing back onto the vessel.

Return cruise to the marina.
highlights: • Soar up to 400ft above the Gold Coast
• Stunning views of Surfers Paradise skyline
• Take off and land directly on the boat
• Safe and smooth experience suitable for ages 6+
• Perfect for families, couples and groups
check_in_details: Please arrive 20 minutes prior to departure for check-in.

Late arrivals may forfeit their booking.
special_requirements: Children under 12 must fly with an adult.
Combined passenger weight limits apply (determined by crew based on weather conditions).
restrictions: Ages 6 - Need to be accompanied by an adult, 12+ can go unaccompanied 

Not suitable for:
• Pregnant women
• Guests with serious back, neck or heart conditions
• Guests under the influence of drugs or alcohol

extras: Photo & Video Package: 
This includes 30+ digital photos from your flight! Media Packages can also be purchased on the day for $30.

disclaimers: Parasailing is weather dependent. Flight height and duration may vary depending on wind conditions. The captain reserves the right to adjust flight pairings and scheduling for safety reasons.","Please arrive 20 minutes prior to your departure time.

All participants must complete a waiver prior to departure.","Experience the thrill of parasailing high above the stunning Gold Coast coastline. Launch directly from our custom parasailing vessel and soar up to 400ft in the air, taking in panoramic views of Surfers Paradise, Main Beach and beyond. Safe, smooth and unforgettable, this is the ultimate way to see the Gold Coast from above.

Meet your crew and receive a full safety briefing.

Cruise through the Broadwater to the parasailing zone.

Take off directly from the back deck of the boat.

Soar up to 400ft above the Gold Coast coastline for an unforgettable flight.

Enjoy a smooth landing back onto the vessel.

Return cruise to the marina.","• Soar up to 400ft above the Gold Coast
• Stunning views of Surfers Paradise skyline
• Take off and land directly on the boat
• Safe and smooth experience suitable for ages 6+
• Perfect for families, couples and groups",,"Photo & Video Package: 
This includes 30+ digital photos from your flight! Media Packages can also be purchased on the day for $30.",,,,90 Minutes (approx.),"Ages 6 - Need to be accompanied by an adult, 12+ can go unaccompanied 

Not wheelchair accessible
Participants must be able to board the vessel independently

Children under 12 must fly with an adult.
Combined passenger weight limits apply (determined by crew based on weather conditions).

Not suitable for:
• Pregnant women
• Guests with serious back, neck or heart conditions
• Guests under the influence of drugs or alcohol",Free cancellation up to 24 hours before departure.,"Check in at Southport Pier 20 minutes prior to departure.

Please arrive 20 minutes prior to departure for check-in.

Late arrivals may forfeit their booking.",6,,Up to 10 guests - Up to 5 parasail flights per 90 minute session,"South port Pier, Marine Parade, Southport QLD 4215",Parasailing is weather dependent. Flight height and duration may vary depending on wind conditions. The captain reserves the right to adjust flight pairings and scheduling for safety reasons.,,,,,,Please arrive 20 minutes prior to your departure time.,,,,,All participants must complete a waiver prior to departure.,,
509794,,"meeting_point: Sydney Harbour
description: ______

**Duration**

3.5 hrs cruising the beautiful Sydney Harbour waterways
Embarkation: 10:15 am Eastern Pontoon, Circular Quay 
Disembarkation: 2.00 pm Eastern Pontoon, Circular Quay

___________

**Details**

Experience the magnificent Sydney Harbour with the best seats in the house with the 2022 Australia Day Cruise. Enjoy a fantastic traditional 3 course Australian BBQ with good old Aussie lamingtons and fresh cream for dessert while cruising the beautiful Sydney Harbour waterways. Cash bar on-board available to purchase drinks or beverage package available.

Bring your family and friends and join us in celebrating this great country with an awesome cruise!!!

Included in your package;

* 3 Course Traditional Aussie BBQ 
* Licensed Bar on-board for drinks purchases (NO BYO - beverage package available)
* 3.5 hrs cruising the beautiful Sydney Harbour waterways","#Tour Information
**Congratulations on booking your Australia Day Lunch Cruise.** To help make the most of your day, here are some tips to keep in mind to help make your cruise great! 

This email is your boarding pass. You can either print this out and present upon boarding or if you have a smart phone simply show this email to the crew. The boat will arrive at 10:30AM and we recommend arriving at the wharf no later than 10:15 AM as we are unable to wait for latecomers. Please leave plenty of time for your journey as Sydney transport can be unpredictable. No reserved seating. 

##WHAT TO BRING? Camera/Camera Phone – Don’t forget to tag us at #sydneyprincesscruises when posting your photos online! A sense of adventure. Weather appropriate clothing Sunscreen, a hat Some dollars if you would like to purchase a drink from our fully licensed bar! 

##ON BOARD SAFETY - Please read the following safety briefing & poster prior to your cruise. Please click this link to view our safety briefing - http://ow.ly/LZtNm Please click this link to view our safety poster - http://ow.ly/LWrhz

• Dietary requirements must be specified at time of booking.
• Children must be accompanied by an adult at all times.
• Sydney Princess Cruises abides by the Responsible Service of Alcohol (RSA) regulations and has the right to enforce them.
• Ages 18+ for alcohol consumption. Beverage packages must be purchased for your whole group.","Experience the magnificent Sydney Harbour with the best seats in the house with the 2022 Australia Day Cruise. Enjoy a fantastic traditional 3 course Australian BBQ with good old Aussie lamingtons and fresh cream for dessert while cruising the beautiful Sydney Harbour waterways. Cash bar on-board available to purchase drinks or beverage package available.

Bring your family and friends and join us in celebrating this great country with an awesome cruise!!!

beverage package available",,"3 Course Traditional Aussie BBQ
Licensed Bar on-board for drinks purchases",,"Embarkation: 10:15 am Eastern Pontoon, Circular Quay
Disembarkation: 2.00 pm Eastern Pontoon, Circular Quay",,,3.5 hrs cruising the beautiful Sydney Harbour waterways,NO BYO,,,,,,Sydney Harbour,,"Camera/Camera Phone – Don’t forget to tag us at #sydneyprincesscruises when posting your photos online! A sense of adventure. Weather appropriate clothing Sunscreen, a hat Some dollars if you would like to purchase a drink from our fully licensed bar!",,,,This email is your boarding pass. You can either print this out and present upon boarding or if you have a smart phone simply show this email to the crew.,The boat will arrive at 10:30AM and we recommend arriving at the wharf no later than 10:15 AM as we are unable to wait for latecomers. Please leave plenty of time for your journey as Sydney transport can be unpredictable.,,"• Children must be accompanied by an adult at all times.
• Sydney Princess Cruises abides by the Responsible Service of Alcohol (RSA) regulations and has the right to enforce them.
• Ages 18+ for alcohol consumption. Beverage packages must be purchased for your whole group.",,,"##ON BOARD SAFETY - Please read the following safety briefing & poster prior to your cruise.
• Dietary requirements must be specified at time of booking.","Please click this link to view our safety briefing - http://ow.ly/LZtNm
Please click this link to view our safety poster - http://ow.ly/LWrhz",No reserved seating.
288725,,"duration: 3 Hours
meeting_point: 5 Florence St, Cairns
min_age: 3
description: Imagine being able to hand feed Cownose Sting Rays on a privately escorted Aquarium tour!

This VIP experience offers you a fully guided tour with a Wildlife Educator through the Cairns Aquarium and also the behind-the-scenes workings, with views and explanations of the fish food preparation room, innovative plant and equipment that filters the millions of litres of water on site, coral propagation facilities and a stop at the onsite turtle hospital to see how we care for and rehabilitate sick and injured sea turtles. You will also enjoy a scatter feed to the outback river monsters and hand feed the gentle Cownose rays as well as a look at the onsite reptile breeding facility.

itinerary: 11:30am – Check in at Cairns Aquarium admission counter

11:45 am – Meet your Wildlife Educator Guide in the front foyer of the Cairns Aquarium and commence an Exclusive Front and Back of House Tour

2:45pm – Tour concludes

Available 11:30 am – 2:45 pm Monday – Saturday","**Inclusions:**
- Wildlife Educator Guided Front & Back of House Tour
- Turtle Hospital Tour
- River Monsters Scatter Feed
- Exclusive Hand Feeding of Cownose Sting Rays
- Behind the scenes view of the onsite reptile breeding facility

**Itinerary:**
- 11:30am - Check in at counter
- 11:45am - Meet your Wildlife Educator Guide in the front foyer of the Cairns Aquarium and commence an Exclusive Front and Back of House Tour
- 2:45pm - Tour concludes

**Please be advised:**
- You will be required to wear shorts or trousers & closed in shoes
- You will be required to kneel down when you feed the ray
- Children must be 12+ years to hand feed the rays (souvenir gift will be substituted for children under 12)

**Notes:**
- maximum 4 guests.
- All price inclusive of GST, in AUD.
- Prices are valid until 31st March 2026.

- - -

###Notice: We may ask that you present the credit card used for payment on arrival to ensure the booking is valid. If the correct credit card cannot be presented, we can issue a refund to the credit card used for the booking and new tickets will need to be purchased on arrival.","Imagine being able to hand feed Cownose Sting Rays on a privately escorted Aquarium tour!

This VIP experience offers you a fully guided tour with a Wildlife Educator through the Cairns Aquarium and also the behind-the-scenes workings, with views and explanations of the fish food preparation room, innovative plant and equipment that filters the millions of litres of water on site, coral propagation facilities and a stop at the onsite turtle hospital to see how we care for and rehabilitate sick and injured sea turtles. You will also enjoy a scatter feed to the outback river monsters and hand feed the gentle Cownose rays as well as a look at the onsite reptile breeding facility.

Available 11:30 am – 2:45 pm Monday – Saturday",,,,"11:30am – Check in at Cairns Aquarium admission counter

11:45 am – Meet your Wildlife Educator Guide in the front foyer of the Cairns Aquarium and commence an Exclusive Front and Back of House Tour

2:45pm – Tour concludes",,,3 Hours,,,,3,,,"5 Florence St, Cairns",,You will be required to wear shorts or trousers & closed in shoes,,"Wildlife Educator Guided Front & Back of House Tour
Turtle Hospital Tour
River Monsters Scatter Feed
Exclusive Hand Feeding of Cownose Sting Rays
Behind the scenes view of the onsite reptile breeding facility",front foyer of the Cairns Aquarium,"Check in at counter
Meet your Wildlife Educator Guide
###Notice: We may ask that you present the credit card used for payment on arrival to ensure the booking is valid. If the correct credit card cannot be presented, we can issue a refund to the credit card used for the booking and new tickets will need to be purchased on arrival.",11:30am,"11:45am - Meet your Wildlife Educator Guide in the front foyer of the Cairns Aquarium and commence an Exclusive Front and Back of House Tour
2:45pm - Tour concludes","You will be required to kneel down when you feed the ray
Children must be 12+ years to hand feed the rays (souvenir gift will be substituted for children under 12)",,,,,"maximum 4 guests.
All price inclusive of GST, in AUD.
Prices are valid until 31st March 2026."
391646,,"#Welcome back, Rock ‘N Roll

##About
The 650 Twin is the rebirth of Royal Enfield’s legendary parallel twin cylinder engine. And it’s driving two Royal Enfield classic motorcycles – the Interceptor and the Continental GT. While classically styled and visually beautiful, the new engine is Royal Enfield’s most forward-looking yet, with a cleaner, elegant look, fewer components, less weight and easier maintenance. 

Model year 2022

##More Information
- Please select the number of days you would like to rent out the Scout for below
- Please select any additional accessories needed for your trip

**What model year are your bikes?**
Our bikes are always current within the year and are updated to the new model year annually.

**Do I need a motorcycle licence to rent?**
Yes. All motorcycle drivers are required to have a motorcycle endorsement.

**Do I need motorcycle insurance?**
No. Riders will be covered under the program insurance given they sign the required waivers.

**What riding experience do I need to ride a Motorcycle?**
You should be an experienced rider and able to manage varying road and weather conditions. Depending on where you are from, be prepared to drive on the left side of the road. 

**Optional:** bags with liners and windscreen
- Km limit = 500 km per day (additional fees apply for additional kms)
- Petrol = full on pick-up, full on return (if not filled un return – pump price plus admin fee)

##What is included? 
- Vehicle 
- Insurance (excess) 
- Roadside assistance 

##What do you need to bring? 
- Driver’s licence 
- Riding gear (Helmet – must be NZ approved / Jacket / Boots / Eye coverage)","##We hope you are looking forward to riding the vehicle. 

##What is included? 
- Vehicle 
- Insurance (excess) 
- Roadside assistance 

##What do you need to bring? 
- Driver’s licence 
- Riding gear (Helmet – must be NZ approved / Jacket / Boots / Eye coverage)

**Prior to arrival:**
- Please complete the online waiver/form before you arrive 
- Sign your rental contract 
- You must be paid in full prior to arrival

**Key reminders:** 
- Must have your motorcycle licence at the time of collection 
- Must be paid in full and have contract signed 
- Required riding gear to bring includes a NZ approved helmet 

##See you soon!","The 650 Twin is the rebirth of Royal Enfield’s legendary parallel twin cylinder engine. And it’s driving two Royal Enfield classic motorcycles – the Interceptor and the Continental GT. While classically styled and visually beautiful, the new engine is Royal Enfield’s most forward-looking yet, with a cleaner, elegant look, fewer components, less weight and easier maintenance.

Model year 2022",,"- Vehicle
- Insurance (excess)
- Roadside assistance","**Optional:** bags with liners and windscreen
- Km limit = 500 km per day (additional fees apply for additional kms)
- Petrol = full on pick-up, full on return (if not filled un return – pump price plus admin fee)",,"**What model year are your bikes?**
Our bikes are always current within the year and are updated to the new model year annually.

**Do I need a motorcycle licence to rent?**
Yes. All motorcycle drivers are required to have a motorcycle endorsement.

**Do I need motorcycle insurance?**
No. Riders will be covered under the program insurance given they sign the required waivers.

**What riding experience do I need to ride a Motorcycle?**
You should be an experienced rider and able to manage varying road and weather conditions. Depending on where you are from, be prepared to drive on the left side of the road.","- Driver’s licence
- Riding gear (Helmet – must be NZ approved / Jacket / Boots / Eye coverage)",,,,,,,,,"- Please select the number of days you would like to rent out the Scout for below
- Please select any additional accessories needed for your trip","- Driver’s licence
- Riding gear (Helmet – must be NZ approved / Jacket / Boots / Eye coverage)
- Required riding gear to bring includes a NZ approved helmet",,"- Vehicle
- Insurance (excess)
- Roadside assistance",,- Must have your motorcycle licence at the time of collection,,,,,,"- Please complete the online waiver/form before you arrive
- Sign your rental contract
- You must be paid in full prior to arrival
- Must be paid in full and have contract signed",,
535701,,"#Joining in with others!! These trips are available weekdays and weekends. 

##Duration
5 hours

##About
Bay Fish N Trips is located at Mornington on the Mornington Peninsula, offering Mornington fishing charters and cruises on Melbourne's pristine Port Phillip Bay. Come on board the spacious, safe boat Plover for an affordable, relaxing, fun filled, exciting marine experience with our friendly, knowledgeable and helpful team. Come on your own or in a group. Family friendly. Only one hour from Melbourne’s CBD. Bookings essential for all fishing trips.

###INCLUDED on ALL Fishing Charters
- Quality gear: Shimano/Abu Garcia rods, Shimano reels, tackle and the biggest range of bait. If you prefer to use your own fishing gear you are welcome.
- Currently the light meal menu is a BBQ with choice of a delicious ground beef hamburger or two tasty beef sausages or a gourmet vegetarian patty (lentils & seasonal veggies) in a sandwich with optional caramelised onion, lettuce and tomato. Please order your protein at the time of booking.
- Snack - a lamington cake.
- Drinks - tea, coffee .
- Sanitiser and antibacterial soap plus a hand towel per person.
- Friendly, professional, passionate and attentive crew. They are on board to help you!
- All legal fish caught and kept during the trip are bagged for your convenience.
- Expert advice and assistance always available! Please ASK if you have any questions.

Plover is the largest, safest and most comfortable transport vessel in the Mornington for either fishing or cruising.

Whether your are on your own or just wanting to spend time with family or friends, the Plover is the platform for you. Celebrating a special occasion, socialising with work colleagues, school excursions, attending corporate functions and wanting to access team building or bonding activities - Bay Fish N Trips will cater to all your needs.

On every fishing trip a substantial BBQ is provided plus light refreshments.

###What to bring
Note: All trips are weather dependant. Limited alcohol. You will get the text message to confirm the tour at 7:30pm the day before the tour.

- Dress for the weather.
- Boarding time is half an hour prior to the leaving the pier.
- Available seven days per week, weather permitting and minimum numbers reached. Children must be 5 years and over.

**Public Holidays attract a 10% surcharge on pricing**",,"#Joining in with others!! These trips are available weekdays and weekends.

Bay Fish N Trips is located at Mornington on the Mornington Peninsula, offering Mornington fishing charters and cruises on Melbourne's pristine Port Phillip Bay. Come on board the spacious, safe boat Plover for an affordable, relaxing, fun filled, exciting marine experience with our friendly, knowledgeable and helpful team. Come on your own or in a group. Family friendly. Only one hour from Melbourne’s CBD.

If you prefer to use your own fishing gear you are welcome.

Expert advice and assistance always available! Please ASK if you have any questions.

Plover is the largest, safest and most comfortable transport vessel in the Mornington for either fishing or cruising.

Whether your are on your own or just wanting to spend time with family or friends, the Plover is the platform for you. Celebrating a special occasion, socialising with work colleagues, school excursions, attending corporate functions and wanting to access team building or bonding activities - Bay Fish N Trips will cater to all your needs.

On every fishing trip a substantial BBQ is provided plus light refreshments.

Note: All trips are weather dependant. Limited alcohol.

Available seven days per week, weather permitting and minimum numbers reached.",,"Quality gear: Shimano/Abu Garcia rods, Shimano reels, tackle and the biggest range of bait.
Currently the light meal menu is a BBQ with choice of a delicious ground beef hamburger or two tasty beef sausages or a gourmet vegetarian patty (lentils & seasonal veggies) in a sandwich with optional caramelised onion, lettuce and tomato. Please order your protein at the time of booking.
Snack - a lamington cake.
Drinks - tea, coffee .
Sanitiser and antibacterial soap plus a hand towel per person.
Friendly, professional, passionate and attentive crew. They are on board to help you!
All legal fish caught and kept during the trip are bagged for your convenience.",,,,Dress for the weather.,5 hours,Children must be 5 years and over.,,"You will get the text message to confirm the tour at 7:30pm the day before the tour.
Boarding time is half an hour prior to the leaving the pier.",,,,,"Bookings essential for all fishing trips.
**Public Holidays attract a 10% surcharge on pricing**",,,,,,,,,,,,,
317691,,"#Our most popular open group SUP lessons will quickly get you up and onto your feet and improving your paddling skills and confidence.
Bookings are now open on weekends as well as some weekdays during the summer school holidays. All available dates are visible on the booking calendar. 
Private Group Bookings for up to 8 paddlers are currently available by appointment. Ph. 0466 325 049

##Duration 
90 mins @$60pp including booking fees & charges. 
##About 
Designed for anyone who wants to give SUPing a try, while enjoying the beautiful waters of our Bay, as well as on Devilbend Reservior, we promise to give you an authentic taste of the fastest growing water-sport in the world.

The lesson is in two parts: 60 minute lesson, then 30 minutes of free paddling when you can try some other model boards if you like.

**Itinerary**
Small groups
Taught by a SUP-FIT instructor and coach.
Covers all the basics: from warm-up, to prone paddling; turning and standing
Includes important water safety rules
Relaxed, supportive vibe
Professional and well organised
Massive fun!

**Your SUP-FIT instructor will choose the best location to match the weather conditions of the day, and you will receive notification by 6pm on the evening before your lesson. Our three main locations are Mothers Beach Mornington, Safety Beach and Devilbend Reservoir.**

**Parking is free at ALL our Mornington Peninsula lesson locations.**
##More info 
We will provide you with the following when you arrive for your lesson:

Stand Up Paddleboard
Paddle
PFD's are available
Rash Shirt
Wetsuit if required (or you can bring your own)
Sunscreen
Professional Instruction from our experienced SUP coach
##What to bring 
* Something comfortable to paddle in that might get wet, bathers / shorts / t-shirt / leggings

Face mask at check-in please ONLY IF REQUIRED by Vic Health Orders

* Towel
* Hat
* Sunscreen
* Drinking water
* Your booking voucher (printed or on your phone)
* A HUGE smile!!....","##You will receive an SMS telling you the location of your lesson, by 6pm the day prior to your lesson.

##What to bring
* Something comfortable to paddle in that might get wet, bathers / shorts / t-shirt / leggings
* Towel
* Hat
* Sunscreen
* Drinking water
* Your booking voucher (printed or on your phone)
* A HUGE smile!!....

##[View Privacy Policy SUP-FIT Pty Ltd.docx](https://cdn.filestackcontent.com/755gNYACT3KYpLnI2Ikb)
##[View Booking Terms SUP-FIT Pty Ltd.docx](https://cdn.filestackcontent.com/7j3oY7SMixPcrLx9v24A)","Our most popular open group SUP lessons will quickly get you up and onto your feet and improving your paddling skills and confidence.
Designed for anyone who wants to give SUPing a try, while enjoying the beautiful waters of our Bay, as well as on Devilbend Reservior, we promise to give you an authentic taste of the fastest growing water-sport in the world.

The lesson is in two parts: 60 minute lesson, then 30 minutes of free paddling when you can try some other model boards if you like.

Small groups
Taught by a SUP-FIT instructor and coach.
Covers all the basics: from warm-up, to prone paddling; turning and standing
Includes important water safety rules
Relaxed, supportive vibe
Professional and well organised
Massive fun!

Your SUP-FIT instructor will choose the best location to match the weather conditions of the day, and you will receive notification by 6pm on the evening before your lesson. Our three main locations are Mothers Beach Mornington, Safety Beach and Devilbend Reservoir.

Parking is free at ALL our Mornington Peninsula lesson locations.

PFD's are available
Wetsuit if required (or you can bring your own)",,"We will provide you with the following when you arrive for your lesson:
Stand Up Paddleboard
Paddle
Rash Shirt
Sunscreen
Professional Instruction from our experienced SUP coach",,,,"* Something comfortable to paddle in that might get wet, bathers / shorts / t-shirt / leggings

Face mask at check-in please ONLY IF REQUIRED by Vic Health Orders

* Towel
* Hat
* Drinking water
* Your booking voucher (printed or on your phone)
* A HUGE smile!!....",90 mins,,,,,,,,"Bookings are now open on weekends as well as some weekdays during the summer school holidays. All available dates are visible on the booking calendar.
Private Group Bookings for up to 8 paddlers are currently available by appointment. Ph. 0466 325 049
@$60pp including booking fees & charges.","Something comfortable to paddle in that might get wet, bathers / shorts / t-shirt / leggings
Towel
Hat
Sunscreen
Drinking water
Your booking voucher (printed or on your phone)
A HUGE smile!!....",,,,,"You will receive an SMS telling you the location of your lesson, by 6pm the day prior to your lesson.",,,,,,"[View Privacy Policy SUP-FIT Pty Ltd.docx](https://cdn.filestackcontent.com/755gNYACT3KYpLnI2Ikb)
[View Booking Terms SUP-FIT Pty Ltd.docx](https://cdn.filestackcontent.com/7j3oY7SMixPcrLx9v24A)",
57838,,"duration: 3 Hours
meeting_point: Broome
description: Enjoy a morning cruise searching for humpback whales.
___________________________________

#*Cruise & Swim*

## Duration

3 hours

## About

- Cruise along the stunning waters off Cable Beach on board 'Orcaella' our 50 foot catamaran in search for humpback whales. Start your morning with some freshly baked morning tea and hot beverage. There is plenty of room to spread out on both our decks. If you are keen to get wet, why not enjoy swimming in the boom net off the back of the boat? This cruise is a fantastic way to start your morning in Broome.

what_is_included: ## What's Included 

- Courtesy bus transfers 
- Boom netting (swimming) available
- Morning tea
- Tea Coffee & Juice","WHALE SIGHTINGS ARE NOT GUARANTEED.

REMEMEBR TO HAVE BREAKFAST BEFORE DEPARTURE. Our team will provide you with freshly made morning tea, coffee & tea, cooled juice and milo.

COMMUNICATION 
IMPORTANT: Please ensure you are contactable on the day of departure for any last minute changes. We will notify you via text message through our booking system from mobile number +1(855) 656 1272 and/or 0407 209 193. If we are unable to reach you and an email address has been supplied, we will send you an email. It is your responsibility to ensure the contact details on your booking is correct and that you have checked your messages. We strive to keep all guests up to date with any changes and do our best to avoid any disappointment on the day. 

**We are a licenced vessel but we welcome BYO as well. Please note: NO RED WINE OR BOTTLED SPIRITS PERMITTED ON BOARD. Premixed drinks purchased from liquor stores are permitted including UDLs etc. Glass bottles are also welcomed.

** WE ARE A NON SMOKING VESSEL

**SWIMMING IN A BOOM NET
Boom net swimming is available during the cooler months: April - October. All swimmers must be competent in the water and a reasonable level of fitness is required to climb out of the net.

**REMEMBER TO BRING:
Wear comfortable shoes that are easy to remove before boarding. Thongs are suitable. Don't forget your jumper, sunglasses, hat, towel and bathes.

BUS TRANSFERS
Bus Transfer times will be confirmed closer to the time of tour via text message. The times given are an approximate time, allow 5-10 minutes waiting time as the bus schedule varies each day. If the bus has not arrived within 10 minutes, please contact our office asap on 9192 8163.","Enjoy a morning cruise searching for humpback whales.

Cruise along the stunning waters off Cable Beach on board 'Orcaella' our 50 foot catamaran in search for humpback whales. Start your morning with some freshly baked morning tea and hot beverage. There is plenty of room to spread out on both our decks. If you are keen to get wet, why not enjoy swimming in the boom net off the back of the boat? This cruise is a fantastic way to start your morning in Broome.

Boom netting (swimming) available",,"Courtesy bus transfers
Morning tea
Tea Coffee & Juice",,,,,"3 Hours
3 hours",,,,,,,Broome,,"Wear comfortable shoes that are easy to remove before boarding. Thongs are suitable. Don't forget your jumper, sunglasses, hat, towel and bathes.",**We are a licenced vessel but we welcome BYO as well. Please note: NO RED WINE OR BOTTLED SPIRITS PERMITTED ON BOARD. Premixed drinks purchased from liquor stores are permitted including UDLs etc. Glass bottles are also welcomed.,"Our team will provide you with freshly made morning tea, coffee & tea, cooled juice and milo.",,,"Bus Transfer times will be confirmed closer to the time of tour via text message. The times given are an approximate time, allow 5-10 minutes waiting time as the bus schedule varies each day.",,"WHALE SIGHTINGS ARE NOT GUARANTEED.

** WE ARE A NON SMOKING VESSEL

**SWIMMING IN A BOOM NET
Boom net swimming is available during the cooler months: April - October. All swimmers must be competent in the water and a reasonable level of fitness is required to climb out of the net.",,,REMEMEBR TO HAVE BREAKFAST BEFORE DEPARTURE.,"COMMUNICATION 
IMPORTANT: Please ensure you are contactable on the day of departure for any last minute changes. We will notify you via text message through our booking system from mobile number +1(855) 656 1272 and/or 0407 209 193. If we are unable to reach you and an email address has been supplied, we will send you an email. It is your responsibility to ensure the contact details on your booking is correct and that you have checked your messages. We strive to keep all guests up to date with any changes and do our best to avoid any disappointment on the day.

If the bus has not arrived within 10 minutes, please contact our office asap on 9192 8163.",
203933,,"meeting_point: Moreton Bay
description: **Sunset Sail — Moreton Bay**

Time: 4:30pm–6:30pm

A peaceful sunset cruise featuring one complimentary drink per person and a grazing selection of fruit, cheeses, crackers, meats, olives, and sushi.

Beverages: Fully licensed bar

Prices
Tickets: $99 per person
Private Charter (30 passengers): $2,500

**IMPORTANT**

**By proceeding with a booking and boarding the vessel, all passengers are deemed to have accepted Aria Cruises’ Terms and Conditions.**

Terms & Conditions can be viewed [HERE](https://ariacruises.com/terms-and-conditions)","**SAILING ADDRESS**

The Public Pontoon at Raby Bay Harbour Park
146–148 Shore Street West
Cleveland, QLD

Click [HERE](https://goo.gl/maps/w4ZTUDUNF6N2) for directions.

The departure point is located between the Cleveland Train and Bus Stations and the Raby Bay Harbour precinct.

**PARKING**

Guests are advised not to park within the Raby Bay Harbour Side Restaurant precinct, as vehicles have previously been towed at the owner’s expense. Aria Cruises accepts no responsibility or liability for any parking decisions made by passengers.

Free street parking is available in the surrounding area; however, guests must carefully observe all posted signage and any applicable local restrictions.

Recommended streets include Shore Street West, Bowspirit Parade, and Masthead Drive, Cleveland.

**ARRIVAL TIME**

Passengers are required to be ready for boarding no later than 10 minutes prior to the scheduled cruise departure time.

**WHAT TO BRING**

Please ensure you have your booking confirmation available for presentation to the crew upon boarding.

**FOOTWEAR REQUIREMENT**

Passengers are required to remove their shoes before boarding the vessel.

**BEVERAGE & BAG POLICY**

NO BYO alcoholic or non-alcoholic beverages — Aria Cruises operates as a licensed venue, and beverages are available for purchase on board.

NO LARGE BAGS — Due to limited storage capacity on the vessel, oversized bags cannot be accommodated.

Please be aware that you will be on a moving vessel equipped with sails, rigging, and active ropes, and that sea water can be on the decks at any time. Passengers must maintain full situational awareness at all times, and alcohol must be consumed responsibly.

**IMPORTANT INFORMATION**

All Aria Cruises operations are subject to weather conditions, safety considerations, and operational requirements.

Accordingly, cruises may be postponed at any time. While cancellations or amendments are avoided wherever practicable, all decisions are made with the utmost regard for passenger safety, comfort, and the overall quality of the experience.

**By proceeding with a booking and boarding the vessel, all passengers are deemed to have accepted Aria Cruises’ Terms and Conditions.**

These can be viewed [HERE](https://ariacruises.com/terms-and-conditions)

**The booking holder is solely responsible for ensuring that all accompanying guests are fully informed of all relevant information, requirements, conditions, and updates prior to boarding.**","**Sunset Sail — Moreton Bay**

A peaceful sunset cruise featuring one complimentary drink per person and a grazing selection of fruit, cheeses, crackers, meats, olives, and sushi.

Beverages: Fully licensed bar

**IMPORTANT**

**By proceeding with a booking and boarding the vessel, all passengers are deemed to have accepted Aria Cruises’ Terms and Conditions.**

Terms & Conditions can be viewed [HERE](https://ariacruises.com/terms-and-conditions)",,,,,,,4:30pm–6:30pm,,,,,,,Moreton Bay,"Prices
Tickets: $99 per person
Private Charter (30 passengers): $2,500",Please ensure you have your booking confirmation available for presentation to the crew upon boarding.,"NO BYO alcoholic or non-alcoholic beverages — Aria Cruises operates as a licensed venue, and beverages are available for purchase on board.

NO LARGE BAGS — Due to limited storage capacity on the vessel, oversized bags cannot be accommodated.",,"The Public Pontoon at Raby Bay Harbour Park
146–148 Shore Street West
Cleveland, QLD

Click HERE (https://goo.gl/maps/w4ZTUDUNF6N2) for directions.

The departure point is located between the Cleveland Train and Bus Stations and the Raby Bay Harbour precinct.

Guests are advised not to park within the Raby Bay Harbour Side Restaurant precinct, as vehicles have previously been towed at the owner’s expense. Aria Cruises accepts no responsibility or liability for any parking decisions made by passengers.

Free street parking is available in the surrounding area; however, guests must carefully observe all posted signage and any applicable local restrictions.

Recommended streets include Shore Street West, Bowspirit Parade, and Masthead Drive, Cleveland.",Passengers are required to remove their shoes before boarding the vessel.,Passengers are required to be ready for boarding no later than 10 minutes prior to the scheduled cruise departure time.,,"Please be aware that you will be on a moving vessel equipped with sails, rigging, and active ropes, and that sea water can be on the decks at any time. Passengers must maintain full situational awareness at all times, and alcohol must be consumed responsibly.

All Aria Cruises operations are subject to weather conditions, safety considerations, and operational requirements.

Accordingly, cruises may be postponed at any time. While cancellations or amendments are avoided wherever practicable, all decisions are made with the utmost regard for passenger safety, comfort, and the overall quality of the experience.

By proceeding with a booking and boarding the vessel, all passengers are deemed to have accepted Aria Cruises’ Terms and Conditions.

The booking holder is solely responsible for ensuring that all accompanying guests are fully informed of all relevant information, requirements, conditions, and updates prior to boarding.",,,,These can be viewed HERE (https://ariacruises.com/terms-and-conditions),
639308,,"duration: 20 minutes
cancellation_summary: 48 Hours
max_age: 100
group_size: 9
accessibility: Non-Wheel Chair Accessible 
description: A scenic watertaxi from Halfmoon Bay Wharf to Ulva Island to explore the crown jewel of the Rakiura National Park - this is a Bird Sanctuary Island with endemic species and pristine forests protected from invasive pests. 

what_is_included: A small introductory talk is given when arriving at Ulva Island to help orient you and give you an estimate of how long it takes to walk the tracks and things to watch out for. 
what_is_not_included: One cannot buy provisions on Ulva Island, please bring your own food and drink and adequate clothing.
highlights: Departure from Halfmoon Bay Wharf to Ulva Island is a longer boat ride than from Golden Bay Wharf, it is a more scenic ride with points of interest along the way: Ackers Point - The Light House, The Ringaringa Passage (where sealions like to hang-out), Harold's Bay (the second oldest stone cottage in New Zealand). 
check_in_details: Please arrive 5-10min prior to departure at Halfmoon Bay/Oban Wharf
what_to_bring: Please bring adequate footwear and clothing, and your own food and drink. 
special_requirements: Children must be accompanied by an adult. Please do not feed the wildlife, and take your rubbish back with you. 
restrictions: This boat ride is not suitable for people restricted to wheelchairs, nor for people with severe back injuries, as weather can change and make the boat ride bumpy. If you are in a wheelchair but able to make a short walk of 20-50 metres to be able to get on and off the boats via the wharves, then we can facilitate the transport. Ulva Island is still a beautiful place to sit and enjoy the bird song and views so we encourage visitation. 
disclaimers: Rakiura Adventure Ltd. reserves the right to change your departure and return times if the weather condititions or other factors are of concern to the skipper operating the vessel.","Please be at Halfmoon Bay Wharf 10 minutes prior to the departure time.

Please ensure you have booked a return, if you have not, then Rakiura Adventure Ltd. reserves the right to book your return with the same card details as provided with the initial booking. This is to ensure we do not encroach on the agreements between providers, Department of Conservation, and The Hunter Family Trust, which requires we do have clients crossing private land outside of the hours as stipulated in this agreement. 

Please note, if you have booked a return under a different name, then note this in the booking notes so we can match the two bookings.",A scenic watertaxi from Halfmoon Bay Wharf to Ulva Island to explore the crown jewel of the Rakiura National Park - this is a Bird Sanctuary Island with endemic species and pristine forests protected from invasive pests.,"Departure from Halfmoon Bay Wharf to Ulva Island is a longer boat ride than from Golden Bay Wharf, it is a more scenic ride with points of interest along the way: Ackers Point - The Light House, The Ringaringa Passage (where sealions like to hang-out), Harold's Bay (the second oldest stone cottage in New Zealand).",A small introductory talk is given when arriving at Ulva Island to help orient you and give you an estimate of how long it takes to walk the tracks and things to watch out for.,"One cannot buy provisions on Ulva Island, please bring your own food and drink and adequate clothing.",,,"Please bring adequate footwear and clothing, and your own food and drink.",20 minutes,"Children must be accompanied by an adult. Please do not feed the wildlife, and take your rubbish back with you.

This boat ride is not suitable for people restricted to wheelchairs, nor for people with severe back injuries, as weather can change and make the boat ride bumpy. If you are in a wheelchair but able to make a short walk of 20-50 metres to be able to get on and off the boats via the wharves, then we can facilitate the transport. Ulva Island is still a beautiful place to sit and enjoy the bird song and views so we encourage visitation.

Non-Wheel Chair Accessible",48 Hours,Please arrive 5-10min prior to departure at Halfmoon Bay/Oban Wharf,,100,9,,Rakiura Adventure Ltd. reserves the right to change your departure and return times if the weather condititions or other factors are of concern to the skipper operating the vessel.,,,,,,Please be at Halfmoon Bay Wharf 10 minutes prior to the departure time.,,,,,"Please ensure you have booked a return, if you have not, then Rakiura Adventure Ltd. reserves the right to book your return with the same card details as provided with the initial booking. This is to ensure we do not encroach on the agreements between providers, Department of Conservation, and The Hunter Family Trust, which requires we do have clients crossing private land outside of the hours as stipulated in this agreement.

Please note, if you have booked a return under a different name, then note this in the booking notes so we can match the two bookings.",,
213631,,"duration: 3.5hrs
meeting_point: Melbourne, Victoria
max_age: 99
group_size: 16
accessibility: Wheelchair and stroller accessible
pricing: Adults (17+) - $120
Children (5-16) - $80
Infants (0-4) – free
description: Combine our tour through the sports precinct, stop off at a cafe inside the MCG before finishing off in the interactive Australian Sport Museum.

Starting from the heart of the city we walk along the Yarra River into Melbourne’s world famous sporting precinct exploring over 150 years of sports history ranging from the Olympics, cricket, Australian football, rugby, tennis through to horseracing, F1, surfing and golf.

Take a break at a cafe inside the MCG styled on Melbourne’s famous coffee scene and enjoy a beverage and something sweet as you look out on to the famous arena.

You will finish with a guided tour inside the amazing Australian Sports Museum. Dedicated to all Australian sports, it is no ordinary museum and is unlike any other sports museum in the world. It has recently undergone a multi-million dollar transformation to make it more interactive and to update all of its exhibitions.
what_is_included: - Explore the Australian Sports Museum, a sports experience like no other covering Olympics, Cricket, Football, the history of the MCC and a myriad of Australian sports, as well as an interactive section where the whole family can experience a range of sports first hand
- Visit the Melbourne Cricket Ground, the beating heart of the city
- Wander through Melbourne Park and Rod Laver Arena and learn about the history of the Australian Open
- Visit venues that host Australian Rules football, soccer, tennis, rowing, rugby league, and more
- Learn about Melbourne's range of world class events such as the Melbourne Cup, F1 Grand Prix, MotoGP, and Bells Beach Surf Pro
- Discover why Melbourne has been voted the Sporting Capital of the World
what_is_not_included: - Gratuties
- Refreshments
- As all stadiums are multi-purpose access is not always guaranteed if events are on. Guests will be notified of any changes to the itinerary at the time of booking
Note Rod Laver Arena is not a functioning tennis court but we do visit the Australian open venue and precinct
check_in_details: We recommend supplying a mobile / cell number connected to WhatsApp. Your guide will send meeting instructions, including a helpful video.

Arrive 10 minutes before the starting time as the tour begins at the advertised time.
what_to_bring: Comfortable walking shoes
Sun protection
Water","##Where to meet
**Please arrive 10 minutes before your tour time at Transport Bar located at Federation Square on the corner of Princes Bridge. Look out for your guide who will be spinning a tennis ball**","Combine our tour through the sports precinct, stop off at a cafe inside the MCG before finishing off in the interactive Australian Sport Museum.

Starting from the heart of the city we walk along the Yarra River into Melbourne’s world famous sporting precinct exploring over 150 years of sports history ranging from the Olympics, cricket, Australian football, rugby, tennis through to horseracing, F1, surfing and golf.

Take a break at a cafe inside the MCG styled on Melbourne’s famous coffee scene and enjoy a beverage and something sweet as you look out on to the famous arena.

You will finish with a guided tour inside the amazing Australian Sports Museum. Dedicated to all Australian sports, it is no ordinary museum and is unlike any other sports museum in the world. It has recently undergone a multi-million dollar transformation to make it more interactive and to update all of its exhibitions.

As all stadiums are multi-purpose access is not always guaranteed if events are on. Guests will be notified of any changes to the itinerary at the time of booking

Note Rod Laver Arena is not a functioning tennis court but we do visit the Australian open venue and precinct",,"- Explore the Australian Sports Museum, a sports experience like no other covering Olympics, Cricket, Football, the history of the MCC and a myriad of Australian sports, as well as an interactive section where the whole family can experience a range of sports first hand
- Visit the Melbourne Cricket Ground, the beating heart of the city
- Wander through Melbourne Park and Rod Laver Arena and learn about the history of the Australian Open
- Visit venues that host Australian Rules football, soccer, tennis, rowing, rugby league, and more
- Learn about Melbourne's range of world class events such as the Melbourne Cup, F1 Grand Prix, MotoGP, and Bells Beach Surf Pro
- Discover why Melbourne has been voted the Sporting Capital of the World","- Gratuties
- Refreshments",,,"Comfortable walking shoes
Sun protection
Water",3.5hrs,Wheelchair and stroller accessible,,"We recommend supplying a mobile / cell number connected to WhatsApp. Your guide will send meeting instructions, including a helpful video.

Arrive 10 minutes before the starting time as the tour begins at the advertised time.",,99,16,"Melbourne, Victoria","Adults (17+) - $120
Children (5-16) - $80
Infants (0-4) – free",,,,Transport Bar located at Federation Square on the corner of Princes Bridge.,Look out for your guide who will be spinning a tennis ball,Please arrive 10 minutes before your tour time,,,,,,,
690572,,"duration: 2 hours
meeting_point: 850 Mt Cotton Rd, Mt Cotton, QLD
min_age: 18
group_size: 10 per table
description: Galentine's in the Vines

A symphony of carefully curated culinary delights are brought together on a superb grazing platter.
The selection is beautifully paired with a bottle of Sirromet’s premium wine.
what_is_included: Galentine's Day in the Vine's Platter:
A selection of cured meats, prosciutto wrapped rockmelon , carpese salad , marinated vegetables, mortadella and pesto focaccia and Crostolis & Valentine’s Day cookies

Wine choice
Sevent Scenes range: Cuvée Rosé, Cuvée Blanc, Sauvignon Blanc, Chardonnay, Cabernet Sauvignon, Shiraz
Garnit range: Vermentino, Fiano, Lagrein, Montepulciano

** Items are subject to change**
Due to the products sourced, unfortunately, dietary alterations to the platter cannot be guaranteed. Low Gluten-free options available, platter not suitable for vegetarians and vegans.
check_in_details: Entry to Check In via Arbour Vineyard Block
special_requirements: Kids are permitted but not encourage, no additional catering provided.
restrictions: 

extras: Wine beverages can be purchased additionally from pop up bar.

disclaimers: Due to the products sourced, unfortunately, dietary alterations to the platter cannot be guaranteed.

If Sirromet cannot provide you with this experience, all money paid will be refunded and shall constitute a full settlement to you. Sirromet is not responsible for any additional expenses that may be incurred by a guest in relation to a cancellation. If the weather impacts the day of your experience, we will happily re-book your experience at no cost.","Thank you for booking with Sirromet, we are looking forward to welcoming you. 

**Please note that the price of the experience you booked is $189 for two adults. If you have booked too many experiences, please call 07 3516 4406 and we will process the refund for you.**

**Entry to Check In via Arbour Vineyard Block** 
🔹 Important: Each guest in your booking must complete the enclosed waiver prior to entry.
🔹 Be prepared to present your completed waiver to one of our staff members during check-in.

Additional drinks available to purchase on the day.
Due to the perishable nature of the platter’s contents, no refunds for platters not collected on the day will be given. 
Any food taken off-site from the event is done so at the guest’s own risk. Sirromet accepts no responsibility for the quality, storage, or safety of food once it has left the premises.
No external food or beverages are permitted at the experience.

Weather Policy
Weather conditions are beyond our control and do not qualify as grounds for a credit or refund. In the event of adverse weather that is predicted to impact our ability to deliver the experience to our expected standards, Sirromet reserves the right to cancel or postpone a ticketed event. If this occurs, we will contact you to arrange rescheduling or provide a refund.

[View Twilight in the Vines Map.pdf](https://cdn.filestackcontent.com/PCgkrRK1TaOdvfxglSYU)","Galentine's in the Vines

A symphony of carefully curated culinary delights are brought together on a superb grazing platter.
The selection is beautifully paired with a bottle of Sirromet’s premium wine.

** Items are subject to change**",,"Galentine's Day in the Vine's Platter:
A selection of cured meats, prosciutto wrapped rockmelon , carpese salad , marinated vegetables, mortadella and pesto focaccia and Crostolis & Valentine’s Day cookies

Wine choice
Sevent Scenes range: Cuvée Rosé, Cuvée Blanc, Sauvignon Blanc, Chardonnay, Cabernet Sauvignon, Shiraz
Garnit range: Vermentino, Fiano, Lagrein, Montepulciano",Wine beverages can be purchased additionally from pop up bar.,,,,2 hours,"Kids are permitted but not encourage, no additional catering provided.",,Entry to Check In via Arbour Vineyard Block,18,,10 per table,"850 Mt Cotton Rd, Mt Cotton, QLD","Due to the products sourced, unfortunately, dietary alterations to the platter cannot be guaranteed.

If Sirromet cannot provide you with this experience, all money paid will be refunded and shall constitute a full settlement to you. Sirromet is not responsible for any additional expenses that may be incurred by a guest in relation to a cancellation. If the weather impacts the day of your experience, we will happily re-book your experience at no cost.",,No external food or beverages are permitted at the experience.,,"Entry to Check In via Arbour Vineyard Block
[View Twilight in the Vines Map.pdf](https://cdn.filestackcontent.com/PCgkrRK1TaOdvfxglSYU)",Be prepared to present your completed waiver to one of our staff members during check-in.,,,"Any food taken off-site from the event is done so at the guest’s own risk. Sirromet accepts no responsibility for the quality, storage, or safety of food once it has left the premises.","The price of the experience you booked is $189 for two adults. If you have booked too many experiences, please call 07 3516 4406 and we will process the refund for you.
Due to the perishable nature of the platter’s contents, no refunds for platters not collected on the day will be given.
Weather conditions are beyond our control and do not qualify as grounds for a credit or refund. In the event of adverse weather that is predicted to impact our ability to deliver the experience to our expected standards, Sirromet reserves the right to cancel or postpone a ticketed event. If this occurs, we will contact you to arrange rescheduling or provide a refund.",,Each guest in your booking must complete the enclosed waiver prior to entry.,07 3516 4406,Additional drinks available to purchase on the day.
574647,,"duration: 2 days, 2 nights - 47 hours 
meeting_point: Pick-up and drop-off near Central Station (exact details provided a few days prior). 
min_age: 18
pricing: $495
description: Dive into a weekend of waves, wilderness, and unforgettable surf memories at a hidden gem on Australia’s coast. Surf coaching for all levels - whether you're learning to surf, upping your surfing to the next level. 

Escape the city and immerse yourself in a surfing adventure at Seal Rocks/Pacific Palms. Stay in cosy cabin-style accommodation nestled in the Booti Booti National Park, just a 2-minute walk from Elizabeth Beach. Enjoy a range of surf beaches tailored to various wind and swell conditions, ensuring optimal surfing opportunities regardless of weather. The trip includes surfing lessons, meals. and depending on conditions, sand dune surfing, bush walks, yoga, and evening beach fires with music. 
what_is_included: - Transport to and from Central Station
- Cabin-style accommodation (shared between 3–5 people)
- All meals at camp (2 breakfasts, 1 lunches, 1 dinner)
- Surfing lessons and equipment (surfboards and wetsuits)
- Activities: Surfing, sand dune surfing, bush & lighthouse walk, yoga, beach fire, and music nights. 

(NB Other than surfing, not all other activities are undertaken on every camp - it's dependant on the weather and the group dynamic)
what_is_not_included: - Dinner on the first night (we will stop at a Road Stop to allow you to purchase dinner on the drive up)
- Alcohol (we will stop at a bottle shop after surfing on Day 1)
- Lunch on the last day (we will stop to allow you to buy lunch on the drive home)

itinerary: - Night 1: Pick up from Central Station (other pick up locations available) Dinner stop, arrive late and settle in to cabins
- Day 1: Breakfast, Surf, Lunch, Surf, Sunset Jam Session
- Night 2: Dinner, Video night OR Beach fire
- Day 2: Sunrise Walk and Swim, Breakfast, Surf, Head back to Sydney
highlights: - Ideallic location, off the tourist track
- Surf at uncrowded beaches known only to locals
- Enjoy a variety of activities tailored to group preferences
- Healthy and delicious meals provided
- Relaxing evening beach fires and music sessions
check_in_details: Exact pick-up location and time near Central Station provided a few days before departure. 

You will be asked to join a whatsapp group, with the rest of the crew. 
what_to_bring: - Sunscreen
- Hat
- Water bottle
- Beach clothing and towel
- Toiletries and bath towel
- Cold and wet weather clothing
- Pillow
- Blanket / duvet / sleeping bag and pillow
(A mattress with a bottom sheet is provided)
disclaimers: Activities are dependent on weather conditions and group preferences; not all activities are guaranteed.","##What to bring
- Sunscreen
- Hat
- Water bottle
- Beach clothing and towel
- Cold and wet weather clothing
- Pillow
- Blanket, duvet, and sleeping bag","Dive into a weekend of waves, wilderness, and unforgettable surf memories at a hidden gem on Australia’s coast. Surf coaching for all levels - whether you're learning to surf, upping your surfing to the next level.

Escape the city and immerse yourself in a surfing adventure at Seal Rocks/Pacific Palms. Stay in cosy cabin-style accommodation nestled in the Booti Booti National Park, just a 2-minute walk from Elizabeth Beach. Enjoy a range of surf beaches tailored to various wind and swell conditions, ensuring optimal surfing opportunities regardless of weather. The trip includes surfing lessons, meals. and depending on conditions, sand dune surfing, bush walks, yoga, and evening beach fires with music.

- Activities: Surfing, sand dune surfing, bush & lighthouse walk, yoga, beach fire, and music nights.

(NB Other than surfing, not all other activities are undertaken on every camp - it's dependant on the weather and the group dynamic)","- Ideallic location, off the tourist track
- Surf at uncrowded beaches known only to locals
- Enjoy a variety of activities tailored to group preferences
- Healthy and delicious meals provided
- Relaxing evening beach fires and music sessions","- Transport to and from Central Station
- Cabin-style accommodation (shared between 3–5 people)
- All meals at camp (2 breakfasts, 1 lunches, 1 dinner)
- Surfing lessons and equipment (surfboards and wetsuits)","- Dinner on the first night (we will stop at a Road Stop to allow you to purchase dinner on the drive up)
- Alcohol (we will stop at a bottle shop after surfing on Day 1)
- Lunch on the last day (we will stop to allow you to buy lunch on the drive home)","- Night 1: Pick up from Central Station (other pick up locations available) Dinner stop, arrive late and settle in to cabins
- Day 1: Breakfast, Surf, Lunch, Surf, Sunset Jam Session
- Night 2: Dinner, Video night OR Beach fire
- Day 2: Sunrise Walk and Swim, Breakfast, Surf, Head back to Sydney",,"- Sunscreen
- Hat
- Water bottle
- Beach clothing and towel
- Toiletries and bath towel
- Cold and wet weather clothing
- Pillow
- Blanket / duvet / sleeping bag and pillow
(A mattress with a bottom sheet is provided)","2 days, 2 nights - 47 hours",,,"Exact pick-up location and time near Central Station provided a few days before departure.

You will be asked to join a whatsapp group, with the rest of the crew.",18,,,Pick-up and drop-off near Central Station (exact details provided a few days prior).,"$495
Activities are dependent on weather conditions and group preferences; not all activities are guaranteed.","Sunscreen
Hat
Water bottle
Beach clothing and towel
Cold and wet weather clothing
Pillow
Blanket, duvet, and sleeping bag",,,,,,,,,,,,
500249,,"##Rates 4hrs $195 / 8hrs $320 +booking fee

#Poly Smartwave 

##About
1x full tank of fuel included. Tiller steer, Poly Smartwave, electric start, full shade canopy, life jackets, and all safety equipment included. 
The maximum carrying capacity is 450kg (which needs to cover all passengers & equipment including weight of eskies, ice and other personal belongings). 

##More info
On the day of your hire, simply come to the Bribie Beach Shack at your booked time. After a safety and local fishing brief, the boat will be launched for you from one of the many boat ramps. 
At the end of your hire period, simply return the boat to the beach area near the boat ramp at the Bribie Beach Shack where we will take care of it from there.

- The skipper of each boat hire must be at least 18 years of age.
- Similar to driving a bus, the designated skipper of the vessel for the day must remain at 0.0 Alcohol level, as is in charge of passengers
- As per Marine Safety regulations, children under 12 months (1 year old) are not recommended to travel on any of our boats.
- All children under 12 years of age must wear the lifejacket provided.
- No pets are allowed on any of our boats or watercraft as we are in a marine park.
- All boats are strict no-smoking and no-vaping vessels.
- Crab pots and cast nets are not permitted on this type of boat.
- Your booked hire time includes the time spent on the hire agreement process, hire area brief and boat brief. 

##What to bring
To make your booking with us you will need to bring with you on the day:
- a current Australian driver's licence (vehicle)
- boat licence details 
- credit card (or a bond of $500 in cash or on a debit card)

Bribie Beach Shack is a fully alcohol licensed bar, bait and tackle shop, cafe, take away and recreational boat hire business combined. You are welcome to bring your own gear, however, anything you may need will be available for hire or purchase prior to departure.
Please bring a sharp knife with you to take on the boat. This may be required to cut the anchor rope in the case of it getting stuck. Please also bring a bucket for your bait.

In the event of being overweight on the day and outside of the vessel's advertised weight limit, the vessel will not be allowed to depart, the hire will be cancelled and all monies forfeited.","Bribie Beach Shack is a fully alcohol licensed bar, bait and tackle shop, cafe, take away and recreational boat hire business combined. You are welcome to bring your own gear, however, anything you may need will be available for hire or purchase prior to departure.

**Please meet us 15 minutes prior to your booking time to complete the hire agreement**","Poly Smartwave

1x full tank of fuel included. Tiller steer, Poly Smartwave, electric start, full shade canopy, life jackets, and all safety equipment included.
The maximum carrying capacity is 450kg (which needs to cover all passengers & equipment including weight of eskies, ice and other personal belongings).

After a safety and local fishing brief, the boat will be launched for you from one of the many boat ramps.
At the end of your hire period, simply return the boat to the beach area near the boat ramp at the Bribie Beach Shack where we will take care of it from there.

Bribie Beach Shack is a fully alcohol licensed bar, bait and tackle shop, cafe, take away and recreational boat hire business combined. You are welcome to bring your own gear, however, anything you may need will be available for hire or purchase prior to departure.

Your booked hire time includes the time spent on the hire agreement process, hire area brief and boat brief.",,,,,,"To make your booking with us you will need to bring with you on the day:
- a current Australian driver's licence (vehicle)
- boat licence details
- credit card (or a bond of $500 in cash or on a debit card)
Please bring a sharp knife with you to take on the boat. This may be required to cut the anchor rope in the case of it getting stuck. Please also bring a bucket for your bait.",,"The skipper of each boat hire must be at least 18 years of age.
Similar to driving a bus, the designated skipper of the vessel for the day must remain at 0.0 Alcohol level, as is in charge of passengers
As per Marine Safety regulations, children under 12 months (1 year old) are not recommended to travel on any of our boats.
All children under 12 years of age must wear the lifejacket provided.
No pets are allowed on any of our boats or watercraft as we are in a marine park.
All boats are strict no-smoking and no-vaping vessels.
Crab pots and cast nets are not permitted on this type of boat.
The maximum carrying capacity is 450kg (which needs to cover all passengers & equipment including weight of eskies, ice and other personal belongings).","In the event of being overweight on the day and outside of the vessel's advertised weight limit, the vessel will not be allowed to depart, the hire will be cancelled and all monies forfeited.","On the day of your hire, simply come to the Bribie Beach Shack at your booked time.
At the end of your hire period, simply return the boat to the beach area near the boat ramp at the Bribie Beach Shack where we will take care of it from there.",,,,,4hrs $195 / 8hrs $320 +booking fee,You are welcome to bring your own gear,,,,to complete the hire agreement,Please meet us 15 minutes prior to your booking time,,,,,,,"Bribie Beach Shack is a fully alcohol licensed bar, bait and tackle shop, cafe, take away and recreational boat hire business combined.
however, anything you may need will be available for hire or purchase prior to departure."
417608,,"description: #Lizard Encounter - Make your visit to Maru especially memorable by meeting a Shingleback or Blue-Tongue Lizard.
___________________________________

##Rates
**Meet a Lizard** - $35
**Meet a Lizard for a Group of 2** - $60
**Meet a Lizard for a Group of 4** - $115

##Ages (4+ years, under 4 free)
Children under 4 years are able to participate with no charge when accompanying an adult paying to do the Meet a Lizard session.
Children aged 4-12 years must pay and be accompanied by an adult also paying to do the same Meet a Lizard session.

##About
Make your visit to Maru especially memorable by meeting a Shingleback or Blue-Tongue Lizard. Learn about the Lizards by name and character, as you interact with them.

You can take as many photos as you like on your own devices.

NOTE: Animal Interactions are an additional purchase upon Animal Park entry. Please ensure that Maru Entry tickets are purchased in addition to the Meet a Lizard.

**Other Information**
- All interactions are at the keepers discretion and may be unavailable in extreme weather conditions to ensure the welfare and safety of our animals and visitors. If Maru cancels the experience for any reason, an alternative experience or full refund will be offered.
- Animals at Maru have the freedom to choose if and how they interact with visitors during experiences, so up close touching and feeding usually occurs but is not guaranteed.
- All tickets require the Credit/Debit Card along with photo ID and signature of the purchaser, or a valid company email/voucher to be presented upon arrival, otherwise entry will be refused.

**Terms & Conditions**
It is important that you arrive early as the experience will not be delayed and will start at the advertised time. If you are late you will miss out on the experience and refunds will not be provided. Please dress appropriately for the forecast weather on the day. The Keepers have the right to cancel this and all animal experiences due to extreme weather or any other situation they feel may compromise the safety and welfare of the animals and visitors and in that instance a different experience may be offered or a full refund. For safety please wear closed in shoes, no thongs or sandals.","Your order has been completed and your required documents are below. If you have any further questions about your order, please contact the **Customer Service Team** on **+61 3 5678 8548** or **email fun@marukoalapark.com.au**.

Thank You, 
Maru Koala and Animal Park
__________
#What to Bring
Don't forget your camera and sunscreen!
__________
**Other Information**
- Animal Interactions are an additional purchase upon Animal Park entry. Please ensure that Animal Park or All-Day tickets are purchased in addition to your Encounter.
- All tickets require the Credit/Debit Card along with photo ID and signature of the purchaser, or a valid company email/voucher to be presented upon arrival, otherwise entry will be refused.","#Lizard Encounter - Make your visit to Maru especially memorable by meeting a Shingleback or Blue-Tongue Lizard.

Make your visit to Maru especially memorable by meeting a Shingleback or Blue-Tongue Lizard. Learn about the Lizards by name and character, as you interact with them.

You can take as many photos as you like on your own devices.

Animals at Maru have the freedom to choose if and how they interact with visitors during experiences, so up close touching and feeding usually occurs but is not guaranteed.",,,NOTE: Animal Interactions are an additional purchase upon Animal Park entry. Please ensure that Maru Entry tickets are purchased in addition to the Meet a Lizard.,,,"Please dress appropriately for the forecast weather on the day.

For safety please wear closed in shoes, no thongs or sandals.",,"Ages (4+ years, under 4 free)
Children under 4 years are able to participate with no charge when accompanying an adult paying to do the Meet a Lizard session.
Children aged 4-12 years must pay and be accompanied by an adult also paying to do the same Meet a Lizard session.","All interactions are at the keepers discretion and may be unavailable in extreme weather conditions to ensure the welfare and safety of our animals and visitors. If Maru cancels the experience for any reason, an alternative experience or full refund will be offered.

The Keepers have the right to cancel this and all animal experiences due to extreme weather or any other situation they feel may compromise the safety and welfare of the animals and visitors and in that instance a different experience may be offered or a full refund.

If you are late you will miss out on the experience and refunds will not be provided.","All tickets require the Credit/Debit Card along with photo ID and signature of the purchaser, or a valid company email/voucher to be presented upon arrival, otherwise entry will be refused.

It is important that you arrive early as the experience will not be delayed and will start at the advertised time.",,,,,"**Meet a Lizard** - $35
**Meet a Lizard for a Group of 2** - $60
**Meet a Lizard for a Group of 4** - $115",Don't forget your camera and sunscreen!,,,,"All tickets require the Credit/Debit Card along with photo ID and signature of the purchaser, or a valid company email/voucher to be presented upon arrival, otherwise entry will be refused.",,,,,,,"If you have any further questions about your order, please contact the Customer Service Team on +61 3 5678 8548 or email fun@marukoalapark.com.au.","Your order has been completed and your required documents are below.
Animal Interactions are an additional purchase upon Animal Park entry. Please ensure that Animal Park or All-Day tickets are purchased in addition to your Encounter."
288961,,"meeting_point: Raby Bay Harbour Park
description: #Join us on our journey!

##Duration
- 28th of May
- 4-6 pm

##About

Attention business owners and generous donors - Book your ticket for a gorgeous Sunset Cruise and at the same time, pay-it-forward with the inclusion of a second ticket that will be donated to a family carer of a person with a disability. Your generous donation supports family carers to enjoy a wonderful morning tea cruise on Moreton Bay with Aria Cruises.","COVID-19

Please be reassured that we take the health and safety of our passengers and crew very seriously and you can have confidence when booking and peace of mind knowing that we operate a safe business.

Our COVID-19 plan has been put in place to help protect our passengers and crew members from exposure to and infection from COVID-19.

Please call to reschedule your cruise if you have:

symptoms of COVID-19 
been in close contact with a confirmed case of coronavirus in the last 14 days 
tested positive within the last 14 days or are waiting on test results 

SAILING ADDRESS 

The Public Pontoon at Raby Bay Harbour Park
146-148 Shore Street West
Cleveland QLD
Click [HERE](https://goo.gl/maps/w4ZTUDUNF6N2) for directions.

Between the Cleveland Train/Bus Stations and Raby Bay Harbour 

PARKING

Please avoid parking in the Raby Bay Harbour Side Restaurant precinct as vehicles have been towed in the past at the owners expense. Aria Cruises does not accept responsibility for where you park your car.

There is free street parking available close by. Check signage for any restrictions. A suggestion for parking is Shore Street West, Bowspirit Parade and Masthead Drive in Cleveland.

TIME TO BE THERE

Please be ready for boarding 15 minutes prior to the time your cruise is scheduled to commence.

THINGS TO BRING 

Please bring a printed copy of your receipt (if the purchase was made to Aria Cruises online or over the phone), voucher (if your ticket is through a different company) or gift certificate to give to the crew when boarding. 

Things to pack for your cruise include: easy to remove shoes, towel, swimmers, hat, sunscreen, sunglasses and jacket.

NO BYO DRINKS as we are a licensed venue. 
The boat has drinks available to purchase on board. 

NO LARGE BAGS due to limited space on board.

Please remember you will be on a moving vessel with sails, ropes and splashes of saltwater on the decks so it's very important that all passengers are aware of what's going on around them at all times and that alcohol is consumed responsibly. 

IMPORTANT 

All of our Sailing Cruises are subject to the weather, restrictions and conditions therefore THE CRUISE CAN BE POSTPONED AT ANYTIME. Please understand that we don't like to cancel but if we do it is because your safety and comfort is important to us and we want to offer the best experience possible.

For further information, photos, terms and conditions please see our website at [sailmoretonbay.com](https://fh-sites.imgix.net/sites/2464/2020/08/31110048/Terms-and-Conditions.pdf).","Join us on our journey!

Attention business owners and generous donors - Book your ticket for a gorgeous Sunset Cruise and at the same time, pay-it-forward with the inclusion of a second ticket that will be donated to a family carer of a person with a disability. Your generous donation supports family carers to enjoy a wonderful morning tea cruise on Moreton Bay with Aria Cruises.",,,,,,,"28th of May
4-6 pm",,,,,,,Raby Bay Harbour Park,,"Things to pack for your cruise include: easy to remove shoes, towel, swimmers, hat, sunscreen, sunglasses and jacket.","NO BYO DRINKS as we are a licensed venue.

NO LARGE BAGS due to limited space on board.",,"The Public Pontoon at Raby Bay Harbour Park
146-148 Shore Street West
Cleveland QLD
Click [HERE](https://goo.gl/maps/w4ZTUDUNF6N2) for directions.

Between the Cleveland Train/Bus Stations and Raby Bay Harbour

Please avoid parking in the Raby Bay Harbour Side Restaurant precinct as vehicles have been towed in the past at the owners expense. Aria Cruises does not accept responsibility for where you park your car.

There is free street parking available close by. Check signage for any restrictions. A suggestion for parking is Shore Street West, Bowspirit Parade and Masthead Drive in Cleveland.","Please bring a printed copy of your receipt (if the purchase was made to Aria Cruises online or over the phone), voucher (if your ticket is through a different company) or gift certificate to give to the crew when boarding.",Please be ready for boarding 15 minutes prior to the time your cruise is scheduled to commence.,,"Please be reassured that we take the health and safety of our passengers and crew very seriously and you can have confidence when booking and peace of mind knowing that we operate a safe business.

Our COVID-19 plan has been put in place to help protect our passengers and crew members from exposure to and infection from COVID-19.

Please call to reschedule your cruise if you have:

symptoms of COVID-19 
been in close contact with a confirmed case of coronavirus in the last 14 days 
tested positive within the last 14 days or are waiting on test results 

Please remember you will be on a moving vessel with sails, ropes and splashes of saltwater on the decks so it's very important that all passengers are aware of what's going on around them at all times and that alcohol is consumed responsibly.","All of our Sailing Cruises are subject to the weather, restrictions and conditions therefore THE CRUISE CAN BE POSTPONED AT ANYTIME. Please understand that we don't like to cancel but if we do it is because your safety and comfort is important to us and we want to offer the best experience possible.",,,"For further information, photos, terms and conditions please see our website at [sailmoretonbay.com](https://fh-sites.imgix.net/sites/2464/2020/08/31110048/Terms-and-Conditions.pdf).",The boat has drinks available to purchase on board.
666061,,"duration: 4 hours
meeting_point: Pick up is available from your chosen accomodation, just let us know where if you can't see it on our list
min_age: 18
max_age: 99
group_size: Maximum 13 guests
accessibility: Please notify the operator of any accessibility requirements before confirming your booking.
description: Enjoy a relaxed afternoon discovering some of Marlborough’s award-winning wineries and boutique cellar doors on this small-group wine experience. Visiting three to four carefully selected venues, you’ll enjoy guided tastings of Marlborough’s world-famous Sauvignon Blanc along with a variety of other locally produced wines.

Your tour also includes time to unwind at a beautiful vineyard restaurant where guests may purchase an à la carte lunch while taking in the stunning vineyard surroundings. Designed around quality over quantity, this social and personalised experience includes pickup and return from central Blenheim and Renwick accommodation, making it the perfect way to enjoy an afternoon in Marlborough wine country
itinerary: Pickup from selected Blenheim & Renwick accommodation between 12:15pm – 12:30pm
Relaxed afternoon touring through Marlborough wine country
Visit 3–4 carefully selected cellar doors
Enjoy guided tastings of award-winning Marlborough wines
Vineyard lunch stop with time to purchase lunch at your own expense
Scenic vineyard views and local wine commentary throughout the day
Optional stop at Makana Boutique Chocolate Factory
 time permitting
Return to accommodation approximately 5:00pmm
highlights: Tour Highlights
Small-group Marlborough wine experience
Visit 3–4 boutique and award-winning cellar doors
Taste Marlborough’s world-famous Sauvignon Blanc and premium varietals
Relaxed vineyard lunch stop (lunch at guests’ own expense)
Scenic vineyard landscapes throughout the afternoon
All standard cellar door tasting fees included
Optional visit to Makana Boutique Chocolate Factory time permitting
Pickup and return from selected Blenheim & Renwick accommodation

Why Choose Discovery Wine Tours
Relaxed touring focused on quality over quantity
Friendly local Tour Hosts passionate about Marlborough wine
Carefully selected boutique wineries and cellar doors
Informative and social wine tasting experience
Comfortable small-group touring vehicle
Suitable for all levels of wine knowledge
Genuine local hospitality and personalised service
A memorable way to experience Marlborough wine country
check_in_details: Pick up is available from your chosen accommodation in Blenheim and Renwick central areas. 
This tour does not pick up from Picton, Hawkesbury, Dillions Point, Rarangi, Taylor Dam, Waihopai Valley or Queen Charlotte Drive; for these areas see our Full Day Marlborough Wine Tour 5–6 hours.
special_requirements: Children are welcome with prior arrangement; families with young children are recommended to consider the private tour option for family comfort. If you require mobility assistance or wish to bring a pet, notify the operator before confirming your booking to ensure accommodation can be arranged.
restrictions: Reduced mobility, please let us know before you book to ensure we are able to accommodate your requirements.
Children; this tour is not generally an environment that would be confortable for children, we offer our Private Premium Tour for families also.
NZ's drinking age is 18 years, teenagers unable to consume alcohol are also welcome, please just let us know if your group has underage teenagers with you.",,"Enjoy a relaxed afternoon discovering some of Marlborough’s award-winning wineries and boutique cellar doors on this small-group wine experience. Visiting three to four carefully selected venues, you’ll enjoy guided tastings of Marlborough’s world-famous Sauvignon Blanc along with a variety of other locally produced wines.

Your tour also includes time to unwind at a beautiful vineyard restaurant where guests may purchase an à la carte lunch while taking in the stunning vineyard surroundings. Designed around quality over quantity, this social and personalised experience includes pickup and return from central Blenheim and Renwick accommodation, making it the perfect way to enjoy an afternoon in Marlborough wine country

Pickup from selected Blenheim & Renwick accommodation between 12:15pm – 12:30pm
Relaxed afternoon touring through Marlborough wine country
Visit 3–4 carefully selected cellar doors
Enjoy guided tastings of award-winning Marlborough wines
Scenic vineyard views and local wine commentary throughout the day
Optional stop at Makana Boutique Chocolate Factory
 time permitting
Return to accommodation approximately 5:00pmm","Tour Highlights
Small-group Marlborough wine experience
Visit 3–4 boutique and award-winning cellar doors
Taste Marlborough’s world-famous Sauvignon Blanc and premium varietals
Relaxed vineyard lunch stop (lunch at guests’ own expense)
Scenic vineyard landscapes throughout the afternoon
All standard cellar door tasting fees included
Optional visit to Makana Boutique Chocolate Factory time permitting
Pickup and return from selected Blenheim & Renwick accommodation

Why Choose Discovery Wine Tours
Relaxed touring focused on quality over quantity
Friendly local Tour Hosts passionate about Marlborough wine
Carefully selected boutique wineries and cellar doors
Informative and social wine tasting experience
Comfortable small-group touring vehicle
Suitable for all levels of wine knowledge
Genuine local hospitality and personalised service
A memorable way to experience Marlborough wine country",,Vineyard lunch stop with time to purchase lunch at your own expense,,,,4 hours,"Please notify the operator of any accessibility requirements before confirming your booking.
Children are welcome with prior arrangement; families with young children are recommended to consider the private tour option for family comfort. If you require mobility assistance or wish to bring a pet, notify the operator before confirming your booking to ensure accommodation can be arranged.
Reduced mobility, please let us know before you book to ensure we are able to accommodate your requirements.
Children; this tour is not generally an environment that would be confortable for children, we offer our Private Premium Tour for families also.
NZ's drinking age is 18 years, teenagers unable to consume alcohol are also welcome, please just let us know if your group has underage teenagers with you.",,"Pick up is available from your chosen accommodation in Blenheim and Renwick central areas.
This tour does not pick up from Picton, Hawkesbury, Dillions Point, Rarangi, Taylor Dam, Waihopai Valley or Queen Charlotte Drive;",18,99,Maximum 13 guests,"Pick up is available from your chosen accomodation, just let us know where if you can't see it on our list",for these areas see our Full Day Marlborough Wine Tour 5–6 hours.,,,,,,,,,,,,,
585533,,"duration: 4.5 hrs Approximately 
cancellation_summary: Full refund with 24 hours notice or in the case of extreme weather. 
meeting_point: 150 Pound Street, Coromandel, 3506, Aotearoa New Zealand Look for the Matariki Tours Mini Bus, Please arrive 10min early
description: Embark on an immersive journey through the stunning landscapes of the Hauraki Coromandel Peninsula, where natural beauty meets Māori cultural heritage. Starting with a pick-up from the Matariki Tours Hub at 150 Pound Street, Coromandel, guests will set off on a scenic round-trip along the western coast of the peninsula to Colville, where they can relax and enjoy morning tea at the charming Pickled Hereford Café.

The adventure continues as we cross the majestic Coromandel Ranges, offering breathtaking views of Moehau (Tūpuna Maunga) while traveling through Waikawau Bay, Little Bay, and Tuateawa on the peninsula’s eastern side. Upon arrival at Tokatea Maunga, guests will be treated to a presentation overlooking the stunning Hauraki Gulf. Here, a knowledgeable kaikorero (speaker) will guide them through the history and significance of the surrounding landscape and the cultural landmarks, providing a deep insight into the Māori worldview and local traditions.

During this experience, guests will participate in workshops that bring ancient Māori customs to life, gaining hands-on insights into practices such as Rongoā Māori (traditional healing). Through captivating storytelling, the kaikorero will reveal the significance of Matariki (the Māori New Year) and share the profound connection Māori culture holds with ""Papatūānuku"" (Mother Earth), ""Ranginui"" (Father Sky), and ""Tikapa Moana"" (the ancestral ocean).

Afterward, guests will be transported back to Coromandel Town, where they can explore local shops and enjoy the vibrant hospitality scene. This tour offers an ideal blend of adventure, cultural enrichment, and the chance to experience the charm of Coromandel’s community firsthand.

what_is_included: - Expert Maori guide with in-depth knowledge of local traditions 
- Round-trip transportation from pick up point 
- Visits to significant cultural and historical landmarks on the Hauraki Coromandel Peninsular. 
- Small group setting for a personalised experience. 
what_is_not_included: - Accommodation 
- Travel insurance 
- Meals and snakes outside included lunch 
- Transportation to and from the tours initial pick up point 
itinerary: 1. Arrival: Check in, Karakia, 
2. Departure: H&S briefing, Tour, Short break
3. Mt Tokatea Wero, Pōwhiri, Kaikorero, Presentation 4. Return trip to Coromandel Town
highlights: - View Hauraki Maori ancestral Mountain ""Te Moenga Hau O Tamatekapua"" 
- Amazing look at ancient Maori rock fish traps 
- Marae visit 
- Experience a Maori Warrior welcoming delegation ""Kaiwero"" 
- Try our world-famous Hangi for Lunch.
check_in_details: Please arrive 15 minutes early, we depart promptly at the scheduled time. You'll receive a QR code with your confirmation email that we will scan to check you in, so bring your phone! 
what_to_bring: - Comfortable walking shoes 
- Weather appropriate clothing (layered clothing, rain jacket, hat) 
- Sunscreen and Sunglasses - Water bottle 
- Personal medication, if needed 
- Camera or Smartphone for photos 
- Small day pack for personal items 
- Cash or Card for potential purchases (souvenirs, snacks) 
- Binoculars (optional)",,"Embark on an immersive journey through the stunning landscapes of the Hauraki Coromandel Peninsula, where natural beauty meets Māori cultural heritage. Starting with a pick-up from the Matariki Tours Hub at 150 Pound Street, Coromandel, guests will set off on a scenic round-trip along the western coast of the peninsula to Colville, where they can relax and enjoy morning tea at the charming Pickled Hereford Café.

The adventure continues as we cross the majestic Coromandel Ranges, offering breathtaking views of Moehau (Tūpuna Maunga) while traveling through Waikawau Bay, Little Bay, and Tuateawa on the peninsula’s eastern side. Upon arrival at Tokatea Maunga, guests will be treated to a presentation overlooking the stunning Hauraki Gulf. Here, a knowledgeable kaikorero (speaker) will guide them through the history and significance of the surrounding landscape and the cultural landmarks, providing a deep insight into the Māori worldview and local traditions.

During this experience, guests will participate in workshops that bring ancient Māori customs to life, gaining hands-on insights into practices such as Rongoā Māori (traditional healing). Through captivating storytelling, the kaikorero will reveal the significance of Matariki (the Māori New Year) and share the profound connection Māori culture holds with ""Papatūānuku"" (Mother Earth), ""Ranginui"" (Father Sky), and ""Tikapa Moana"" (the ancestral ocean).

Afterward, guests will be transported back to Coromandel Town, where they can explore local shops and enjoy the vibrant hospitality scene. This tour offers an ideal blend of adventure, cultural enrichment, and the chance to experience the charm of Coromandel’s community firsthand.","- View Hauraki Maori ancestral Mountain ""Te Moenga Hau O Tamatekapua""
- Amazing look at ancient Maori rock fish traps
- Marae visit
- Experience a Maori Warrior welcoming delegation ""Kaiwero""
- Try our world-famous Hangi for Lunch.","- Expert Maori guide with in-depth knowledge of local traditions
- Round-trip transportation from pick up point
- Visits to significant cultural and historical landmarks on the Hauraki Coromandel Peninsular.
- Small group setting for a personalised experience.","- Accommodation
- Travel insurance
- Meals and snakes outside included lunch
- Transportation to and from the tours initial pick up point","1. Arrival: Check in, Karakia,
2. Departure: H&S briefing, Tour, Short break
3. Mt Tokatea Wero, Pōwhiri, Kaikorero, Presentation
4. Return trip to Coromandel Town",,"- Comfortable walking shoes
- Weather appropriate clothing (layered clothing, rain jacket, hat)
- Sunscreen and Sunglasses - Water bottle
- Personal medication, if needed
- Camera or Smartphone for photos
- Small day pack for personal items
- Cash or Card for potential purchases (souvenirs, snacks)
- Binoculars (optional)",4.5 hrs Approximately,,Full refund with 24 hours notice or in the case of extreme weather.,"Please arrive 15 minutes early, we depart promptly at the scheduled time. You'll receive a QR code with your confirmation email that we will scan to check you in, so bring your phone!",,,,"150 Pound Street, Coromandel, 3506, Aotearoa New Zealand Look for the Matariki Tours Mini Bus, Please arrive 10min early",,,,,,,,,,,,,,
453100,,"duration: 1 hour 30 minutes
cancellation_summary: No refund for cancellations within 48 hours of start time
meeting_point: Shellar Door, 12 Kowan Road, Mooney Mooney NSW
group_size: 4 to 30 people
accessibility: Limited wheelchair access
description: Discover seasonally available oysters, from Sydney Rock Oysters to the Akoya pearl oyster, during a guided tasting and shucking demonstration at the harvest table. Cruise the scenic Hawkesbury River to the saltwater paddocks, learn why this environment suits oyster cultivation, and taste oysters fresh from the shell. The experience combines on-water views with land-based interpretation, offering insight into local aquaculture and the connection between oysters, community and place.
itinerary: 1. Oyster Tasting - 30 minutes
2. Farm Cruise - 1 hour

Order of tours may vary on day.
highlights: * Taste seasonally available oysters including Sydney Rock and Akoya pearl oysters
* Only location where you can taste the unique akoya pearl oysters
* Learn oyster shucking technique at the harvest table
* Cruise scenic Hawkesbury River and visit working oyster leases
* Insights into oyster cultivation and local marine environment
check_in_details: Arrive at Shellar Door, 12 Kowan Road, Mooney Mooney NSW, 15 minutes early to check in and use bathroom facilities.
special_requirements: Children must be accompanied by a guardian.
extras: Secrets of Pearling add-on and oyster and pearl lovers experience available as separate paid options; oysters by the dozen available to purchase subject to availability.
disclaimers: This tour requires a minimum number of people to operate; if the minimum is not met you will be contacted to reschedule or receive a full refund. Oyster type and provenance are subject to availability; oysters may be sourced from another farm when local supply is unavailable.","Please arrive 15 minutes prior to tour start time.

This complete experience is comprised of two separate tours.
1. Farm Cruise - 1 hour
2. Oyster Tasting - 30 minutes

Order of tours may vary on day.

**What to bring:**
- Hat & sunscreen
- Wind/rain jacket
- Footwear suitable for boats and unsealed surfaces (high heels not recommended)
- Drink bottle
- Camera

This tour requires minimum number of people to operate. If this minimum requirement is not met, you will be contacted to reschedule or receive full refund. 

Oyster type and provenance is subject to availability. When oysters from local waterways are not available, oysters may be sourced from another oyster farm.

**Where to eat:**
- We sell fresh Sydney Rock Oysters by the dozen! Enjoy at Shellar Door or takeaway. Subject to availability and rivers being open for harvest.
Mooney Mooney Club is open from 11am daily with lunch service starting at 11.30am. Bookings are essential. Call (02) 9985 9244 to reserve a table. [book here](https://mooneymooneyclub.com.au/coastal-dining/).
- Hawkesbury River Oyster Shed is open Thursday-Sunday, offering local oysters and a selection of fresh seafood to dine in or takeaway. Bookings recommended to dine in, [book here](https://hawkesburyriveroystershed.com/pages/reservations).
- Saddles at Mount White is open daily 8am - 5pm for breakfast and lunch. Call 02 4370 1152 to reserve a table [book here](https://www.saddlesmountwhite.com.au/menu).
- Venture into Brooklyn for more options!","Discover seasonally available oysters, from Sydney Rock Oysters to the Akoya pearl oyster, during a guided tasting and shucking demonstration at the harvest table. Cruise the scenic Hawkesbury River to the saltwater paddocks, learn why this environment suits oyster cultivation, and taste oysters fresh from the shell. The experience combines on-water views with land-based interpretation, offering insight into local aquaculture and the connection between oysters, community and place.

Order of tours may vary on day.","* Taste seasonally available oysters including Sydney Rock and Akoya pearl oysters
* Only location where you can taste the unique akoya pearl oysters
* Learn oyster shucking technique at the harvest table
* Cruise scenic Hawkesbury River and visit working oyster leases
* Insights into oyster cultivation and local marine environment",,Secrets of Pearling add-on and oyster and pearl lovers experience available as separate paid options; oysters by the dozen available to purchase subject to availability.,"1. Oyster Tasting - 30 minutes
2. Farm Cruise - 1 hour",,,1 hour 30 minutes,"Limited wheelchair access
Children must be accompanied by a guardian.",No refund for cancellations within 48 hours of start time,"Arrive at Shellar Door, 12 Kowan Road, Mooney Mooney NSW, 15 minutes early to check in and use bathroom facilities.",,,4 to 30 people,"Shellar Door, 12 Kowan Road, Mooney Mooney NSW",This tour requires a minimum number of people to operate; if the minimum is not met you will be contacted to reschedule or receive a full refund. Oyster type and provenance are subject to availability; oysters may be sourced from another farm when local supply is unavailable.,"- Hat & sunscreen
- Wind/rain jacket
- Footwear suitable for boats and unsealed surfaces (high heels not recommended)
- Drink bottle
- Camera",,,,,Please arrive 15 minutes prior to tour start time.,"This complete experience is comprised of two separate tours.
1. Farm Cruise - 1 hour
2. Oyster Tasting - 30 minutes

Order of tours may vary on day.",,"This tour requires minimum number of people to operate. If this minimum requirement is not met, you will be contacted to reschedule or receive full refund.",,,"Call (02) 9985 9244 to reserve a table. [book here](https://mooneymooneyclub.com.au/coastal-dining/).
Bookings recommended to dine in, [book here](https://hawkesburyriveroystershed.com/pages/reservations).
Call 02 4370 1152 to reserve a table [book here](https://www.saddlesmountwhite.com.au/menu).","Oyster type and provenance is subject to availability. When oysters from local waterways are not available, oysters may be sourced from another oyster farm.

**Where to eat:**
- We sell fresh Sydney Rock Oysters by the dozen! Enjoy at Shellar Door or takeaway. Subject to availability and rivers being open for harvest.
Mooney Mooney Club is open from 11am daily with lunch service starting at 11.30am. Bookings are essential.
- Hawkesbury River Oyster Shed is open Thursday-Sunday, offering local oysters and a selection of fresh seafood to dine in or takeaway.
- Saddles at Mount White is open daily 8am - 5pm for breakfast and lunch.
- Venture into Brooklyn for more options!"
270858,,"###If no availabilities, please email us @contact@escapetowa.com
# A full day of exploration, great food and adventure

## Duration
5 hours

##Trip information

The Swan Valley is a diverse region that is a 25-minute drive from the centre of Perth with award-winning wineries, breweries, distilleries, confectionery outlets, restaurants and cafes that make up the Swan Valley Food & Wine Trail.

*(Includes pickup and drop-off , lunch of fish and chips or optional $15 upgrade for a half lobster meal including salad and chips, park entry fee) see detailed information about all our 1 day tours*

**Depart Perth at 8:30am**

**Chocolate factory**
Free tasting 3 different flavoured chocolate while you explore the venue. Try the creamy ice cream, hot or cold chocolate drink, a cup of coffee or a snack to satisfy your appetite.

**Morish Nuts**
Munch the samples at Morish Nuts, which produces a variety of nuts flavored with caramel, wasabi, spices, abalone, and more.

**Mondo Nougat factory**
Sample the Italian-style soft nougat at the Mondo Nougat factory.

**Honey and Wine Tasting**
Experience a variety of honey in the Honey House. You’ll also visit renowned vineyards in the Swan Valley for wine tastings.

**Aboriginal Culture Experience**
peruse the Maalinup Aboriginal Gallery to learn about aboriginal history and culture, and sample traditional bush food.

**Great Coffee experience**

Learn about coffee production and sample some fresh brews.

We will return to Perth at around 1.30pm having experienced some of the best activities that the region has to offer.

*Please note the schedule of the day may vary according to your guide, weather and other factors.
Inclusions*

**Price Include:**

- Free Perth central hotel pick-up and drop off. 
- Comfortable bus and friendly driver/tour guide.

**Price Do Not Include:**

- Personal Consumption
- Travel insurance

**Reminder:** Please bring sunglasses, a hat, sunscreen, a thin coat or rain gear, photographic equipment, personal medicines, and dry clothing. Wear comfortable walking shoes. To bring a power adapter if it's needed.","##This trip includes

- All taxes, fees and handling charges
- Entrance fees
- National Park fees
- Fresh Lunch Included
- Driver / Guide
- Live commentary on board
- Hotel pickup and drop-off (selected CBD hotels only)
- Transport by air-conditioned bus
- On-board WIFI
- Bottles of drinking water
- Small-group tour

##Extra information

- Children under 18 must be accompanied by an adult
- Child rate applies to children (3-12 years old)
- Tour is not recommended for people with walking disabilities or requiring a wheelchair
- 4 adults are needed for the trip to go ahead. 

##Departure

- Free pickup from Hotel within Perth CBD or Northbridge area
- Alternative pickup from 386 Wellington Street, Perth City.
- Pick-up from Residential Address may incur extra cost, please contact us for details. 
- Free drop off back to your Hotel or other location within Perth CBD and Northbridge

##Note
Please keep in mind departure time is the time the bus will leave once all participants are collected. Once booked you will be notified about a pick up time from your perth cbd hotel","A full day of exploration, great food and adventure

The Swan Valley is a diverse region that is a 25-minute drive from the centre of Perth with award-winning wineries, breweries, distilleries, confectionery outlets, restaurants and cafes that make up the Swan Valley Food & Wine Trail.

(Includes pickup and drop-off , lunch of fish and chips or park entry fee) see detailed information about all our 1 day tours

Depart Perth at 8:30am

Chocolate factory
Free tasting 3 different flavoured chocolate while you explore the venue. Try the creamy ice cream, hot or cold chocolate drink, a cup of coffee or a snack to satisfy your appetite.

Morish Nuts
Munch the samples at Morish Nuts, which produces a variety of nuts flavored with caramel, wasabi, spices, abalone, and more.

Mondo Nougat factory
Sample the Italian-style soft nougat at the Mondo Nougat factory.

Honey and Wine Tasting
Experience a variety of honey in the Honey House. You’ll also visit renowned vineyards in the Swan Valley for wine tastings.

Aboriginal Culture Experience
peruse the Maalinup Aboriginal Gallery to learn about aboriginal history and culture, and sample traditional bush food.

Great Coffee experience

Learn about coffee production and sample some fresh brews.

We will return to Perth at around 1.30pm having experienced some of the best activities that the region has to offer.

Please note the schedule of the day may vary according to your guide, weather and other factors.",,"Free Perth central hotel pick-up and drop off.
Comfortable bus and friendly driver/tour guide.","optional $15 upgrade for a half lobster meal including salad and chips
Personal Consumption
Travel insurance",,,"Please bring sunglasses, a hat, sunscreen, a thin coat or rain gear, photographic equipment, personal medicines, and dry clothing. Wear comfortable walking shoes. To bring a power adapter if it's needed.",5 hours,,,,,,,,"If no availabilities, please email us @contact@escapetowa.com
see detailed information about all our 1 day tours",,,"- All taxes, fees and handling charges
- Entrance fees
- National Park fees
- Fresh Lunch Included
- Driver / Guide
- Live commentary on board
- Hotel pickup and drop-off (selected CBD hotels only)
- Transport by air-conditioned bus
- On-board WIFI
- Bottles of drinking water
- Small-group tour","Alternative pickup from 386 Wellington Street, Perth City.",,"- Free pickup from Hotel within Perth CBD or Northbridge area
- Free drop off back to your Hotel or other location within Perth CBD and Northbridge
Please keep in mind departure time is the time the bus will leave once all participants are collected. Once booked you will be notified about a pick up time from your perth cbd hotel
Pick-up from Residential Address may incur extra cost",,"- Children under 18 must be accompanied by an adult
- Child rate applies to children (3-12 years old)
- Tour is not recommended for people with walking disabilities or requiring a wheelchair
- 4 adults are needed for the trip to go ahead.",,,,please contact us for details.,
325441,,"#Join us for a unique and exclusive Wellington sightseeing experience.

##Rates
Adult: $150
Child: $75

##Duration 
3.5 hours

##About 
Shenandoah, one of our favourite Wellington tours and exclusive to Xplor Tours, takes you to perhaps the best but least known destination in the region.

Approximately 20 minutes’ drive from Wellington, overlooking the sparkling Pauatahanui Inlet and linked with Battle Hill (a significant Maori War site), Shenandoah is a working farm and hidden historical gem inside a native wild birdlife reserve.

Once Xplor Tours drops you there, owner and proud Kiwi Simon takes you on a unique and magical tour around his beautiful, relaxing property, and through its history.

Originally a Maori Fortress Pa for Ngati Toa in the 1800’s, the property has seen three different owners over 150 years. After withstanding a major battle with English troops, it became a Crown Fort to guard the stagecoach road from highway robbers. Some of the first settlers to New Zealand made contact with the local iwi here, before the whalers and settlers transformed Pauatahanui into the thriving rural community of today.

Early in World War II, Shenandoah was commandeered as a US Marine training base and housed over 100,000 troops, ushering in the next military episode of the site.

The history isn’t just told in stories though; behind the barn doors, a private museum is filled with artifacts found on the property which date back over the last 150 years.

As part of your day trip to Shenandoah with Xplor Tours, you can relax by the pond and jetty or other seating areas in the gardens, and enjoy a tea or coffee with morning or afternoon tea.

Simon’s passion and ability to enthral makes this Wellington tour experience genuinely unique and one that will stay with you long after you leave Shenandoah.

Come on a Shenandoah tour with Xplor Tours and you will see why “Pauatahanui” means “the place you never want to leave from.”

##More info 
We don’t want to spoil all the surprises, but this is the Wellington tour to do if you want to experience any or all of the following:
Unique Wellington Tour of a hidden gem.
Rich in local history, from the Maori Wars through to WWII.
Collections of rare vintage examples of a certain well-known marque of American motorbikes.
Exploring formal and less formal gardens and native bush.
Seeing and interacting with farm animals, wildlife and birdlife.
Experiencing the history of an area in a living museum complete with the personal stories of the people involved.
Enjoying refreshments in a beautiful, scenic and relaxing location.

##Tour timings & pick-ups

**Non-Cruise Ship Passenger bookings:** Pick up times are as per the tour starting time. However they may be altered if there are multiple guest pick-up locations. We will contact you in advance of your tour if an amended pick-up time is required. All tours include a pick-up either from a central city hotel or from the Wellington iSite.

**Cruise Ship Passenger bookings:** Your pick-up will be from the Port and is 45 minutes after the ship has docked (even if your ship has been delayed or arrives early) with 8.15am being the earliest pick-up time.",,"Join us for a unique and exclusive Wellington sightseeing experience.

Shenandoah, one of our favourite Wellington tours and exclusive to Xplor Tours, takes you to perhaps the best but least known destination in the region.

Approximately 20 minutes’ drive from Wellington, overlooking the sparkling Pauatahanui Inlet and linked with Battle Hill (a significant Maori War site), Shenandoah is a working farm and hidden historical gem inside a native wild birdlife reserve.

Once Xplor Tours drops you there, owner and proud Kiwi Simon takes you on a unique and magical tour around his beautiful, relaxing property, and through its history.

Originally a Maori Fortress Pa for Ngati Toa in the 1800’s, the property has seen three different owners over 150 years. After withstanding a major battle with English troops, it became a Crown Fort to guard the stagecoach road from highway robbers. Some of the first settlers to New Zealand made contact with the local iwi here, before the whalers and settlers transformed Pauatahanui into the thriving rural community of today.

Early in World War II, Shenandoah was commandeered as a US Marine training base and housed over 100,000 troops, ushering in the next military episode of the site.

The history isn’t just told in stories though; behind the barn doors, a private museum is filled with artifacts found on the property which date back over the last 150 years.

As part of your day trip to Shenandoah with Xplor Tours, you can relax by the pond and jetty or other seating areas in the gardens, and enjoy a tea or coffee with morning or afternoon tea.

Simon’s passion and ability to enthral makes this Wellington tour experience genuinely unique and one that will stay with you long after you leave Shenandoah.

Come on a Shenandoah tour with Xplor Tours and you will see why “Pauatahanui” means “the place you never want to leave from.”

We don’t want to spoil all the surprises, but this is the Wellington tour to do if you want to experience any or all of the following:
Unique Wellington Tour of a hidden gem.
Rich in local history, from the Maori Wars through to WWII.
Collections of rare vintage examples of a certain well-known marque of American motorbikes.
Exploring formal and less formal gardens and native bush.
Seeing and interacting with farm animals, wildlife and birdlife.
Experiencing the history of an area in a living museum complete with the personal stories of the people involved.
Enjoying refreshments in a beautiful, scenic and relaxing location.",,,,,,,3.5 hours,,,"Non-Cruise Ship Passenger bookings: Pick up times are as per the tour starting time. However they may be altered if there are multiple guest pick-up locations. We will contact you in advance of your tour if an amended pick-up time is required. All tours include a pick-up either from a central city hotel or from the Wellington iSite.

Cruise Ship Passenger bookings: Your pick-up will be from the Port and is 45 minutes after the ship has docked (even if your ship has been delayed or arrives early) with 8.15am being the earliest pick-up time.",,,,,"Adult: $150
Child: $75",,,,,,,,,,,,,
606496,,"duration: 2 x 10 minutes 
meeting_point: 1311 Oturoa Road, Hamurana 3072, New Zealand 
min_age: 12
group_size: 4 - 24 Player package
description: Gear up for the ultimate adrenaline rush with a fast-paced paintball showdown, perfect for groups with a limited time schedule.

Get ready to fight 2 x 10 minute games of intense paintball action on one of our awesome themed fields. 

Each player receives 50 paintballs per game. 
Extra reloads can be purchased on site for $15 per 100 or $60 per 500

check_in_details: Please wear suitable clothing and arrive 10 mins before your booking.

disclaimers: Any damage to the equipment will be charged to the player
faqs: Do you have EFTPOS?
Yes we have EFTPOS onsite. We also accept cash.

Do you still run games in the rain?
YES! Paintball and Slingshot/Low Impact Paintball will always run even if it's raining. We only cancel/postpone games for safety reasons (these decisions are made by Zombieland staff only)

Laser Tag requires fine weather to be run without damage to the guns as they are electronic.

If you have booked for LASER TAG you will have the option to switch to Low impact Paintball or Slingshot Paintball or postpone your booking for up to 3 months from your original booking date.

I have a voucher from Zombieland, when can it be used?
​​Vouchers are able to be used on Mondays, Tuesdays, Wednesdays, Thursdays, Fridays and Sundays 

only. They can only be used for the value displayed on the front of the voucher and can not be

exchanged for cash and can only be redeemed by the original purchaser. The voucher is valid for one year from original purchase date.

Vouchers are not refundable.

What should I wear to my booking?
At Zombieland ALL of our activities are outdoors so it makes good sense to wear suitable clothing. 

Closed in foot wear is a must so no bare feet. Expect to get a bit dirty, we offer PONCHO's but these are not mandatory they cover everything down to your knees. If the weathers wet its a good idea to bring extra clothing and shoes.

What happens if I damage the equipment at Zombieland?
You are responsible for ANY damages to the equipment at Zombieland during your booking. This is why we have security cameras on our playing fields.

What happens if I turn up with less players than I have booked for?
Unless you have notified us by phone call within an hour of your booking you will be charged for the amount you have originally booked for.

Can I bring alcohol to Zombieland?
We are not a licensed premise therefore we cannot offer those services.

Do you have a BBQ at Zombieland?
Yes we do! If you want to use our BBQ you must reserve it at the time of booking the fee is $25.00

What do I do if I'm late for my booking?
If you are going to be late please let us know ASAP.

As we are normally fully booked we can not extend your booking time if you are late.

Abusive or intimidating behaviour is not tolerated at Zombieland. Please respect our staff and property.

ALL bookings at Zombieland are legally binding. When you book you accept all our Terms and Conditions.",,"Gear up for the ultimate adrenaline rush with a fast-paced paintball showdown, perfect for groups with a limited time schedule.

Get ready to fight 2 x 10 minute games of intense paintball action on one of our awesome themed fields.

Each player receives 50 paintballs per game.",,,,,"Do you have EFTPOS?
Yes we have EFTPOS onsite. We also accept cash.

Do you still run games in the rain?
YES! Paintball and Slingshot/Low Impact Paintball will always run even if it's raining. We only cancel/postpone games for safety reasons (these decisions are made by Zombieland staff only)

Laser Tag requires fine weather to be run without damage to the guns as they are electronic.

If you have booked for LASER TAG you will have the option to switch to Low impact Paintball or Slingshot Paintball or postpone your booking for up to 3 months from your original booking date.

I have a voucher from Zombieland, when can it be used?
​​Vouchers are able to be used on Mondays, Tuesdays, Wednesdays, Thursdays, Fridays and Sundays 

only. They can only be used for the value displayed on the front of the voucher and can not be

exchanged for cash and can only be redeemed by the original purchaser. The voucher is valid for one year from original purchase date.

Vouchers are not refundable.

What should I wear to my booking?
At Zombieland ALL of our activities are outdoors so it makes good sense to wear suitable clothing. 

Closed in foot wear is a must so no bare feet. Expect to get a bit dirty, we offer PONCHO's but these are not mandatory they cover everything down to your knees. If the weathers wet its a good idea to bring extra clothing and shoes.

What happens if I damage the equipment at Zombieland?
You are responsible for ANY damages to the equipment at Zombieland during your booking. This is why we have security cameras on our playing fields.

What happens if I turn up with less players than I have booked for?
Unless you have notified us by phone call within an hour of your booking you will be charged for the amount you have originally booked for.

Can I bring alcohol to Zombieland?
We are not a licensed premise therefore we cannot offer those services.

Do you have a BBQ at Zombieland?
Yes we do! If you want to use our BBQ you must reserve it at the time of booking the fee is $25.00

What do I do if I'm late for my booking?
If you are going to be late please let us know ASAP.

As we are normally fully booked we can not extend your booking time if you are late.",,2 x 10 minutes,Abusive or intimidating behaviour is not tolerated at Zombieland. Please respect our staff and property.,,Please wear suitable clothing and arrive 10 mins before your booking.,12,,4 - 24 Player package,"1311 Oturoa Road, Hamurana 3072, New Zealand","Extra reloads can be purchased on site for $15 per 100 or $60 per 500

Any damage to the equipment will be charged to the player

ALL bookings at Zombieland are legally binding. When you book you accept all our Terms and Conditions.",,,,,,,,,,,,,
709572,,"duration: 3 Days
meeting_point: Wineglass Bay, Tasmania, Australia.
min_age: 18
group_size: Maximum 6 people
accessibility: Not wheelchair or stroller accessible. This tour involves walking on uneven terrain and uphill sections within Freycinet National Park.
description: ## Rates Total Price $1650 (per person)

Explore the stunning Freycinet National Park on this full-day adventure from Hobart. Discover the world-famous Wineglass Bay, hike to the iconic lookout for breathtaking coastal views, and enjoy time to relax on pristine white-sand beaches. Along the way, experience dramatic granite peaks, crystal-clear waters, and abundant Tasmanian wildlife. This tour combines scenic walks, beach time, and guided insights into the region’s natural history, making it the perfect escape for nature lovers seeking one of Tasmania’s most celebrated landscapes.
itinerary: DAY ONE - Arrive in the breathtaking wilderness of Tasmania and journey to the iconic Freycinet National Park—where turquoise waters meet rugged pink granite peaks.
- We’ll take care of the logistics, with optional transfers available from Launceston, so you can fully relax and step straight into adventure.
- Your journey begins with a spectacular coastal hike along Hazards Beach, where pristine white sands and crystal-clear waters set the tone for the days ahead.

- We continue on to the secluded beauty of Cooks Beach, where we’ll establish camp for the night. Along the way, enjoy a guided walk to the famous Wineglass Bay Lookout—your first glimpse of one of the world’s most iconic views.

- As the sun lowers, unwind with a refreshing swim, followed by a relaxed dinner by the beach under the Tasmanian sky.

DAY TWO - Rise early for an unforgettable climb to the summit of Mt Freycinet—rewarded with sweeping panoramic views across the peninsula and beyond.

- From here, we continue on to Mt Graham, where we’ll pause for a well-earned lunch overlooking the dramatic east coast.

- Descending towards Wineglass Bay, take time to relax on its pristine shores—swim, rest, and soak in the beauty of this truly special place.

- We then make our way back towards camp in the Wineglass Bay region for another peaceful evening. Enjoy free time to unwind, freshen up, and share a nourishing dinner with the group.

DAY THREE - On our final morning, we take on the exhilarating climb up Mt Amos—arguably the best vantage point over Wineglass Bay.

After soaking in the final views and capturing those unforgettable moments, we return to camp, pack up, and begin our journey home—leaving with a sense of achievement, connection, and lasting memories of Tasmania’s wild beauty.
highlights: - Wineglass Bay Lookout offers one of Australia’s most iconic coastal views, overlooking turquoise waters and white sands framed by granite peaks.
- Freycinet National Park showcases dramatic landscapes, unique wildlife, and pristine beaches.
- Enjoy a rewarding coastal hike with panoramic views and fresh Tasmanian air.
- Relax on the white sands of Wineglass Bay, consistently ranked among the world’s best beaches.
check_in_details: Please arrive at the designated Hobart pick-up location at least 10–15 minutes prior to departure. Exact meeting details will be confirmed after booking.
special_requirements: Participants should have a moderate level of fitness suitable for uphill walking.
restrictions: Not suitable for those with limited mobility or serious medical conditions affecting hiking ability.
disclaimers: Itinerary may change due to weather, park conditions, or safety requirements.",,"Explore the stunning Freycinet National Park on this full-day adventure from Hobart. Discover the world-famous Wineglass Bay, hike to the iconic lookout for breathtaking coastal views, and enjoy time to relax on pristine white-sand beaches. Along the way, experience dramatic granite peaks, crystal-clear waters, and abundant Tasmanian wildlife. This tour combines scenic walks, beach time, and guided insights into the region’s natural history, making it the perfect escape for nature lovers seeking one of Tasmania’s most celebrated landscapes.","- Wineglass Bay Lookout offers one of Australia’s most iconic coastal views, overlooking turquoise waters and white sands framed by granite peaks.
- Freycinet National Park showcases dramatic landscapes, unique wildlife, and pristine beaches.
- Enjoy a rewarding coastal hike with panoramic views and fresh Tasmanian air.
- Relax on the white sands of Wineglass Bay, consistently ranked among the world’s best beaches.",,,"DAY ONE - Arrive in the breathtaking wilderness of Tasmania and journey to the iconic Freycinet National Park—where turquoise waters meet rugged pink granite peaks.
- We’ll take care of the logistics, with optional transfers available from Launceston, so you can fully relax and step straight into adventure.
- Your journey begins with a spectacular coastal hike along Hazards Beach, where pristine white sands and crystal-clear waters set the tone for the days ahead.

- We continue on to the secluded beauty of Cooks Beach, where we’ll establish camp for the night. Along the way, enjoy a guided walk to the famous Wineglass Bay Lookout—your first glimpse of one of the world’s most iconic views.

- As the sun lowers, unwind with a refreshing swim, followed by a relaxed dinner by the beach under the Tasmanian sky.

DAY TWO - Rise early for an unforgettable climb to the summit of Mt Freycinet—rewarded with sweeping panoramic views across the peninsula and beyond.

- From here, we continue on to Mt Graham, where we’ll pause for a well-earned lunch overlooking the dramatic east coast.

- Descending towards Wineglass Bay, take time to relax on its pristine shores—swim, rest, and soak in the beauty of this truly special place.

- We then make our way back towards camp in the Wineglass Bay region for another peaceful evening. Enjoy free time to unwind, freshen up, and share a nourishing dinner with the group.

DAY THREE - On our final morning, we take on the exhilarating climb up Mt Amos—arguably the best vantage point over Wineglass Bay.

After soaking in the final views and capturing those unforgettable moments, we return to camp, pack up, and begin our journey home—leaving with a sense of achievement, connection, and lasting memories of Tasmania’s wild beauty.",,,3 Days,"Not wheelchair or stroller accessible. This tour involves walking on uneven terrain and uphill sections within Freycinet National Park.
Participants should have a moderate level of fitness suitable for uphill walking.
Not suitable for those with limited mobility or serious medical conditions affecting hiking ability.",,Please arrive at the designated Hobart pick-up location at least 10–15 minutes prior to departure. Exact meeting details will be confirmed after booking.,18,,Maximum 6 people,"Wineglass Bay, Tasmania, Australia.","Total Price $1650 (per person)
Itinerary may change due to weather, park conditions, or safety requirements.",,,,,,,,,,,,,
722286,,"duration: 1.5 hr
pricing: Adults: $165 pp
Children 4-15 $60 pp
Children 0-3 Free
Family (2 adults, 2 children) $250

Note: We require a minimum number of guests to host a show. Please contact via phone 1300 538 754 or our Contact Us Page with your date and number of guests and we will get back to you regarding availability and options. Esso! (Thank you)

description: Guba Markay Dance Team are Torres Strait Islanders, the First Nations People of Australia. The third generation carrying forward the stories, dances, and songlines of the seven clan groups of Saibai Island. Each performance reflects our deep connection to culture, identity, and the ongoing presevation of Bamaga traditions within the Northern Peninsula Area. Please note: this is a family and alcohol-free event.
itinerary: We offer a rich and immersive cultural tourism experience that invites visitors to connect deeply with the living traditions of the Northern Peninsula Area (NPA) and the Torres Strait. At the heart of this experience is traditional Torres Strait Islander dance, where powerful storytelling is expressed through movement, rhythm, and song, reflecting connection to land, sea, ancestors, and identity. The Northern Peninsula Area (NPA) is the gateway to the stunningTorres Strait Islands, known as Zenadth Kes.

Visitors will be introduced to the Kala Lagaw Ya language, one of the traditional languages of the Torres Strait, through guided storytelling sessions. These stories share knowledge of the Tagai constellation, seasonal changes, island life, and cultural values passed down through generations. This creates a meaningful opportunity for visitors to not just observe, but understand the worldview and knowledge systems of Torres Strait Islander people.

The experience is further enriched through traditional island food tasting, where guests can sample local foods such as fresh seafood, damper, coconut-based dishes, and other culturally significant ingredients. These tastings highlight the strong relationship between people, sea country, and sustainable practices.

Visitors can also purchase authentic arts and crafts, including hand-made items such as woven baskets, carvings, jewellery, and cultural artefacts created by local artists. Each piece carries cultural meaning and provides a direct way to support local creators and keep traditions strong.

Together, these elements create a holistic cultural experience that goes beyond tourism. It fosters respect, understanding, and genuine connection—allowing visitors to experience the true spirit, resilience, and cultural richness of the NPA and Torres Strait.
highlights: Guba Markay was established in 1990. It is a proud Bamaga Traditonal Dance Group, showcasing the movement, history, and cultural legacy of people who relocated from Saibai Island in the Torres Strait to Muttee Head, mainland Australia in 1947. Through our performances we honour the strength and resilence of our Elders and ancestors.

Our achievements include the Gold Winners 2020 Sydney Dance Rites, Gold Laura Festival 2018, Gold Weipa Cultural Festival 1995 and many more. We perform at festivals and deliver a full cultural experience showcasing our seven clan stories and ancestral movements.","###INFORMATION

##Location
- Meet us at Lot 99 Jacob Street, Bamaga Qld 4876 (near the Bamaga Community Hall) or phone 1300 538 754. 

##Pre-cultural performance information
- This is a family and alcohol free event
- Check-in is 15 minutes prior to cultural performance
- No-shows will not be refunded.
- A minimum of 24 hours notice is required for any cancellations or rescheduling.
- We reserve the right to change or cancel the cultural performance bookings or times due to unforeseen events or Community Sorry Business.","Guba Markay Dance Team are Torres Strait Islanders, the First Nations People of Australia. The third generation carrying forward the stories, dances, and songlines of the seven clan groups of Saibai Island. Each performance reflects our deep connection to culture, identity, and the ongoing presevation of Bamaga traditions within the Northern Peninsula Area.

We offer a rich and immersive cultural tourism experience that invites visitors to connect deeply with the living traditions of the Northern Peninsula Area (NPA) and the Torres Strait. At the heart of this experience is traditional Torres Strait Islander dance, where powerful storytelling is expressed through movement, rhythm, and song, reflecting connection to land, sea, ancestors, and identity. The Northern Peninsula Area (NPA) is the gateway to the stunningTorres Strait Islands, known as Zenadth Kes.

Visitors will be introduced to the Kala Lagaw Ya language, one of the traditional languages of the Torres Strait, through guided storytelling sessions. These stories share knowledge of the Tagai constellation, seasonal changes, island life, and cultural values passed down through generations. This creates a meaningful opportunity for visitors to not just observe, but understand the worldview and knowledge systems of Torres Strait Islander people.

The experience is further enriched through traditional island food tasting, where guests can sample local foods such as fresh seafood, damper, coconut-based dishes, and other culturally significant ingredients. These tastings highlight the strong relationship between people, sea country, and sustainable practices.

Visitors can also purchase authentic arts and crafts, including hand-made items such as woven baskets, carvings, jewellery, and cultural artefacts created by local artists. Each piece carries cultural meaning and provides a direct way to support local creators and keep traditions strong.

Together, these elements create a holistic cultural experience that goes beyond tourism. It fosters respect, understanding, and genuine connection—allowing visitors to experience the true spirit, resilience, and cultural richness of the NPA and Torres Strait.","Guba Markay was established in 1990. It is a proud Bamaga Traditonal Dance Group, showcasing the movement, history, and cultural legacy of people who relocated from Saibai Island in the Torres Strait to Muttee Head, mainland Australia in 1947. Through our performances we honour the strength and resilence of our Elders and ancestors.

Our achievements include the Gold Winners 2020 Sydney Dance Rites, Gold Laura Festival 2018, Gold Weipa Cultural Festival 1995 and many more. We perform at festivals and deliver a full cultural experience showcasing our seven clan stories and ancestral movements.",,,,,,1.5 hr,"Please note: this is a family and alcohol-free event.

We require a minimum number of guests to host a show.",,,,,,,"Adults: $165 pp
Children 4-15 $60 pp
Children 0-3 Free
Family (2 adults, 2 children) $250

Please contact via phone 1300 538 754 or our Contact Us Page with your date and number of guests and we will get back to you regarding availability and options.",,,,"Meet us at Lot 99 Jacob Street, Bamaga Qld 4876 (near the Bamaga Community Hall)",Check-in,15 minutes prior to cultural performance,,This is a family and alcohol free event,"No-shows will not be refunded.
A minimum of 24 hours notice is required for any cancellations or rescheduling.
We reserve the right to change or cancel the cultural performance bookings or times due to unforeseen events or Community Sorry Business.",,,phone 1300 538 754,
631960,,"duration: 2.5 Hours 
meeting_point: Museum of Contemporary Art (Harbour-side entrance, circular quay) 
min_age: 5
group_size: Maximum 12 people
accessibility: The Rocks is beautiful — but it’s not exactly wheelchair-friendly. Expect uneven cobblestone streets, narrow lane ways, and some steep hills or steps. 
description: The Real Sydney Starts Here
Forget the postcards — this isn’t polished Sydney. This is the real story, and it starts in The Rocks.
Once a wild colonial outpost built on stolen land, The Rocks was carved out by convicts, ruled by rum, and soaked in scandal. On this 2.5-hour walking tour, you’ll trace the strange and staggering birth of modern Sydney — where the world’s oldest living culture collided with the most outrageous maritime gamble in British history.

Wander crooked lanes and cobbled streets. Hear true stories of escapes, disasters, ghost alleys, and the underground stream still
running beneath your feet. Along the way, you’ll sample native bush flavours — like wattle seed tea and Davidson’s plum jam — for a literal taste of the land and its stories.

No boring lectures — just bloody interesting yarns told with heart and humour
what_is_included: - Expert guide — no scripts, just sharp, surprising stories
- True tales of convicts, rebels, escapes, and resistance
- Tasting of native bush flavours — think wattle seed tea, not
Vegemite
- Secret lane ways, hidden landmarks, and corners most locals
miss
- Big laughs, gritty history, and a side of Sydney you won’t forget
itinerary: ###What You’ll Discover
Sydney’s glimmering skyline hides a grittier origin story. The Rocks
was a battleground of culture, crime, and survival — and it all began
here.

- Two Worlds Collide: Gadigal land vs. British colonisers — the
clash that defined a nation
- Convict Chaos: From chain gangs to escape attempts so
hopeless they’re hilarious (China, anyone?)
- No Money, Just Mayhem: In early Sydney, rum was currency
and the pubs ruled the people
- The Tank Stream: Sydney’s lifeline turned sewer, still trickling
underfoot
- Resisting the Wrecking Ball: The union legends who saved
The Rocks from demolition in the 1970s
- Hidden History: Secret lanes, buried ruins, and convict bones
beneath your boots 
what_to_bring: - Comfortable walking shoes (Sydney’s cobblestones are charming — but unforgiving)
- Water bottle
- Weather-ready gear — if it’s raining, a raincoat is better than an
umbrella in tight lane ways
- A sense of humour and a taste for the unexpected
restrictions: ###Mobility Note
The Rocks is beautiful — but it’s not exactly wheelchair-friendly.
Expect uneven cobblestone streets, narrow lane ways, and some
steep hills or steps.
If you or someone in your group has mobility concerns, please contact us in advance at [your email] or call +61 409 248 992.
We’ll do our best to suggest alternate routes or ways to make it
work","This is where Sydney’s wildest stories come to life.

###What to Bring
- Comfortable walking shoes (Sydney’s cobblestones are
charming — but unforgiving)
- Water bottle
- Weather-ready gear — if it’s raining, a raincoat is better than an
umbrella in tight lane ways
- A sense of humour and a taste for the unexpected

### Important Notes
- This is a walking tour, covering around 2.5km, including some
steep streets, uneven cobblestones, and stairs.
- While we do our best to accommodate all guests, some areas
may be challenging for those with mobility concerns. If you’re unsure or would like to discuss options, please reach out before your tour.
- Tours run rain or shine — because history doesn’t take a day
off.
- Changes & Cancellations: You can cancel or reschedule up to
24 hours before the tour. After that, we can’t offer refunds —
we’re a small business and once we’ve prepped, we’re all in.","The Real Sydney Starts Here
Forget the postcards — this isn’t polished Sydney. This is the real story, and it starts in The Rocks.
Once a wild colonial outpost built on stolen land, The Rocks was carved out by convicts, ruled by rum, and soaked in scandal. On this 2.5-hour walking tour, you’ll trace the strange and staggering birth of modern Sydney — where the world’s oldest living culture collided with the most outrageous maritime gamble in British history.

Wander crooked lanes and cobbled streets. Hear true stories of escapes, disasters, ghost alleys, and the underground stream still
running beneath your feet. Along the way, you’ll sample native bush flavours — like wattle seed tea and Davidson’s plum jam — for a literal taste of the land and its stories.

No boring lectures — just bloody interesting yarns told with heart and humour

###What You’ll Discover
Sydney’s glimmering skyline hides a grittier origin story. The Rocks
was a battleground of culture, crime, and survival — and it all began
here.

- Two Worlds Collide: Gadigal land vs. British colonisers — the
clash that defined a nation
- Convict Chaos: From chain gangs to escape attempts so
hopeless they’re hilarious (China, anyone?)
- No Money, Just Mayhem: In early Sydney, rum was currency
and the pubs ruled the people
- The Tank Stream: Sydney’s lifeline turned sewer, still trickling
underfoot
- Resisting the Wrecking Ball: The union legends who saved
The Rocks from demolition in the 1970s
- Hidden History: Secret lanes, buried ruins, and convict bones
beneath your boots",,"- Expert guide — no scripts, just sharp, surprising stories
- True tales of convicts, rebels, escapes, and resistance
- Tasting of native bush flavours — think wattle seed tea, not
Vegemite
- Secret lane ways, hidden landmarks, and corners most locals
miss
- Big laughs, gritty history, and a side of Sydney you won’t forget",,,,"- Comfortable walking shoes (Sydney’s cobblestones are charming — but unforgiving)
- Water bottle
- Weather-ready gear — if it’s raining, a raincoat is better than an
umbrella in tight lane ways
- A sense of humour and a taste for the unexpected",2.5 Hours,"###Mobility Note
The Rocks is beautiful — but it’s not exactly wheelchair-friendly.
Expect uneven cobblestone streets, narrow lane ways, and some
steep hills or steps.
If you or someone in your group has mobility concerns, please contact us in advance at [your email] or call +61 409 248 992.
We’ll do our best to suggest alternate routes or ways to make it
work",,,5,,Maximum 12 people,"Museum of Contemporary Art (Harbour-side entrance, circular quay)",,"Comfortable walking shoes (Sydney’s cobblestones are charming — but unforgiving)
Water bottle
Weather-ready gear — if it’s raining, a raincoat is better than an umbrella in tight lane ways
A sense of humour and a taste for the unexpected",,,,,,,"This is a walking tour, covering around 2.5km, including some steep streets, uneven cobblestones, and stairs.
While we do our best to accommodate all guests, some areas may be challenging for those with mobility concerns.","Tours run rain or shine — because history doesn’t take a day off.
Changes & Cancellations: You can cancel or reschedule up to 24 hours before the tour. After that, we can’t offer refunds — we’re a small business and once we’ve prepped, we’re all in.",,,"If you’re unsure or would like to discuss options, please reach out before your tour.",
